Net emissions in TgC/year,,,,,,,,,,,,,,,,,,,,,,,,,,,,,,,,,,,,,,,,,,,,,,,,,,,,,,,,,,,,,,,,,,,,,,,,,,,,,,,,,,,,,,,,,,,,,,,,,,,,,,,,,,,,,,,,,,,,,,,,,,,,,,,,,,,,,,,,,,,,,,,,,,,,,,,,,,,,,,,,,,,,,,,,,,,,,,,,,,,,,,,,,,,,,,,,,,
,Afghanistan,Albania,Algeria,Andorra,Angola,Antigua and Barbuda,Argentina,Armenia,Australia,Austria,Azerbaijan,Bahamas,Bahrain,Bangladesh,Barbados,Belarus,Belgium,Belize,Benin,Bhutan,Bolivia,Bosnia and Herzegovina,Botswana,Brazil,Brunei Darussalam,Bulgaria,Burkina Faso,Burundi,Cambodia,Cameroon,Canada,Cape Verde,Central African Republic,Chad,Chile,China,Colombia,Comoros,Congo,Cook Islands,Costa Rica,Croatia,Cuba,Cyprus,Czech Republic,Côte d'Ivoire,Democratic Republic of the Congo,Denmark,Djibouti,Dominica,Dominican Republic,Ecuador,Egypt,El Salvador,Equatorial Guinea,Eritrea,Estonia,Ethiopia,Fiji,Finland,France,Gabon,Gambia,Georgia,Germany,Ghana,Greece,Grenada,Guatemala,Guinea,Guinea-Bissau,Guyana,Haiti,Honduras,Hungary,Iceland,India,Indonesia,Iran,Iraq,Ireland,Israel,Italy,Jamaica,Japan,Jordan,Kazakhstan,Kenya,Kiribati,Kuwait,Kyrgyzstan,Laos,Latvia,Lebanon,Lesotho,Liberia,Libya,Liechtenstein,Lithuania,Luxembourg,Madagascar,Malawi,Malaysia,Maldives,Mali,Malta,Marshall Islands,Mauritania,Mauritius,Mexico,Micronesia (Federated States of),Moldova,Mongolia,Montenegro,Morocco,Mozambique,Myanmar,Namibia,Nauru,Nepal,Netherlands,New Zealand,Nicaragua,Niger,Nigeria,Niue,North Korea,North Macedonia,Norway,Occupied Palestinian Territory,Oman,Pakistan,Palau,Panama,Papua New Guinea,Paraguay,Peru,Philippines,Poland,Portugal,Qatar,Republic of South Sudan,Romania,Russian Federation,Rwanda,Saint Kitts and Nevis,Saint Lucia,Saint Vincent and the Grenadines,Samoa,Sao Tome and Principe,Saudi Arabia,Senegal,Serbia,Seychelles,Sierra Leone,Singapore,Slovakia,Slovenia,Solomon Islands,Somalia,South Africa,South Korea,Spain,Sri Lanka,Sudan,Suriname,Swaziland,Sweden,Switzerland,Syria,Tajikistan,Tanzania,Thailand,Timor-Leste,Togo,Tonga,Trinidad and Tobago,Tunisia,Turkey,Turkmenistan,Tuvalu,Uganda,Ukraine,United Arab Emirates,United Kingdom,United States of America,Uruguay,Uzbekistan,Vanuatu,Venezuela,Vietnam,Yemen,Zambia,Zimbabwe
1990,0.37195,0.11261,1.63674,0.00131,3.30692,-0.01017,12.11756,-0.05195,6.10848,-1.67378,0.205,-0.00698,0.00081,1.83043,0.00105,2.90865,-0.22395,1.68323,2.38206,4.21404,11.38785,-0.47888,0.64778,310.88076,0.30816,0.01138,3.26237,0.67329,12.9963,8.54164,52.65438,0.00538,2.01993,1.78236,-0.31385,105.03311,4.21795,0.01033,1.85254,0.0001,1.34405,-0.20308,5.30939,-0.32055,-2.46501,29.35968,38.82874,-0.17172,0.01983,-0.0027,0.06006,12.07023,1.59635,1.23954,0.69433,-0.02303,-0.18052,2.86018,0.9184,1.0082,6.18234,1.68463,0.06558,-0.9286,-9.60005,4.01165,0.16265,-0.01302,8.52513,0.60481,0.58317,0.47134,0.02889,5.35334,-0.46227,0.08206,32.79435,187.4552,10.5021,1.98541,-1.09616,0.04845,-7.66661,0.30753,-4.66443,-0.26352,11.30523,16.33455,0,0.00372,0.73101,4.79581,0.14167,0.02101,0.20148,1.57241,-0.20734,-0.00266,0.31078,-0.04032,9.6441,3.43349,44.83573,0,1.1921,-0.01451,0,0.73089,-0.00008,44.55817,-0.0192,0.05225,6.45464,-0.0384,5.1499,7.86575,22.91969,0.38464,0,6.03317,1.12777,0.5819,7.49377,12.98123,40.30033,0.00204,-2.92039,-0.14735,0.53275,-0.00807,0.03267,-0.97522,0,3.07713,4.77767,10.63381,21.24852,31.14387,-4.38748,0.18652,0.00716,2.45517,-0.88166,57.01973,0.86859,-0.00641,-0.00148,-0.00355,-0.0472,-0.0068,1.7028,-0.13795,-0.85052,0,1.41464,0.01823,0.11814,-0.0149,0.2371,1.38874,8.81772,-6.46473,-2.13906,2.5302,4.66413,0.39951,0.21367,-4.7872,-0.02621,-0.41308,0.32717,16.3246,25.67266,1.43792,0.94671,-0.00593,0.07951,-0.01879,6.06763,1.75545,0,5.35706,2.17295,-0.14934,1.16363,3.98536,-1.43875,1.22941,0.28798,9.28273,8.03029,0.36366,7.96632,4.35781
1991,0.36074,0.07904,3.5219,0.00082,4.10542,-0.0098,19.92847,-0.02419,0.58947,-1.59236,0.2947,-0.00526,0.00084,0.0443,0.00128,1.74162,0.51917,2.08751,2.51525,2.82333,11.45071,-1.36924,0.7046,327.11238,0.28524,1.11748,2.90074,0.64383,9.9144,6.62709,45.7986,0.00869,2.10798,1.70136,-0.31711,95.4174,8.53694,0.0065,2.08024,-0.00017,0.79121,2.35192,6.37819,-0.3043,-2.42691,33.10205,40.3095,-0.21278,0.01766,-0.00218,0.03164,13.26156,3.14151,1.44101,0.25815,0.01851,-0.09752,3.37378,0.68066,0.35453,11.13422,1.15242,-0.03006,-0.7633,-10.00628,3.06321,0.26974,-0.01253,7.99005,0.91368,0.52353,1.02035,-0.09311,5.32291,-1.51288,0.08044,30.19858,189.36874,10.27191,0.7962,-1.13683,0.45053,-8.35935,0.4955,-4.26674,0.45613,11.62721,14.62338,0,0.00378,0.7799,4.58991,0.3013,-0.03577,0.27451,2.11025,-0.26029,-0.00297,0.37759,0.04837,10.3625,2.70783,36.84431,0,2.71992,-0.01424,0,0.71398,-0.00147,31.48427,-0.0178,-0.04158,5.38491,-0.25108,6.47344,8.08685,24.52828,0.52989,0,5.88956,1.1161,0.78363,7.93354,15.28528,45.25658,0.00197,-2.72604,5.45038,0.34753,0.01444,0.03293,-0.32994,0,3.30221,3.55797,13.63885,17.52574,26.03224,-4.2538,0.58463,0.01509,1.05294,-1.48347,57.21011,0.71161,-0.00614,-0.00095,-0.00513,-0.06138,-0.00217,1.30725,0.40609,-1.39101,0,1.30504,0.01512,0.07925,-0.08849,0.27392,1.57613,10.67195,-6.34196,-2.56551,2.82522,4.44032,0.65625,0.15323,-4.36572,-0.03629,-0.50573,0.36328,15.13519,19.38596,1.06712,1.03679,-0.00623,-0.03,0.0304,3.92439,1.75108,0,5.70579,3.13573,-0.15733,0.79364,3.59938,-1.33155,1.35829,0.29097,5.87397,16.1331,0.17202,9.12206,4.50792
1992,-0.00303,0.04298,1.78135,0.00195,3.98557,-0.00926,17.11805,0.07035,11.7889,-1.78498,0.32822,-0.00619,0.00085,-0.10186,0.00122,1.87183,0.30147,2.30751,2.81306,2.46993,18.283,-1.42393,1.76721,348.50307,0.33088,0.45215,2.59885,0.53566,8.52482,5.59234,45.10502,0.00498,2.09224,1.82995,-0.26044,97.97923,9.16373,0.01987,2.30181,-0.00017,0.95116,0.48395,4.31072,-0.2992,-2.46004,36.88365,38.97316,-0.06029,0.01481,-0.00064,0.04764,10.92851,3.04979,1.33169,0.25531,-0.35598,-0.26597,8.16046,0.60994,0.24518,6.41392,0.74902,-0.02877,-0.90062,-8.86279,4.06592,0.04011,-0.01178,14.58118,1.00247,0.75727,2.76663,0.00416,11.81416,-1.3823,0.07681,34.27893,240.77846,7.27651,2.03247,-1.06632,0.31546,-9.05586,1.49282,-4.75789,0.12789,10.36239,11.72649,0,0.00396,0.99316,4.5223,0.29411,-0.02708,0.16913,2.44698,-0.24955,-0.00285,0.18001,0.02467,13.22548,1.95701,39.37709,0,10.9084,-0.01398,0,0.73888,0.00191,25.71813,-0.01668,-0.05703,4.63408,-0.21807,5.28819,7.56205,25.69965,0.97947,0,5.5475,1.09335,-0.20526,9.12063,11.80094,42.44416,0.00183,-1.93364,2.12751,0.41274,0.00658,0.01821,0.96023,0,2.23346,10.03881,11.22958,18.16598,18.35188,-4.15736,0.93837,0.01348,5.12756,-1.71925,37.89149,0.52015,-0.00556,-0.00048,-0.00613,-0.06189,-0.00912,1.00769,0.56468,-1.20843,0,1.33106,0.02567,0.15865,-0.22792,0.25376,1.82559,11.2714,-6.23121,-3.62073,2.8133,16.46073,0.86442,0.11917,-3.83241,-0.06017,-0.72588,0.51923,16.87291,16.18806,1.15704,1.15651,-0.00622,-0.0521,0.15639,2.74642,2.24632,0,5.37623,2.04083,-0.13997,-1.15155,0.28058,-1.16318,1.2334,0.29431,7.56233,13.15478,1.0033,9.0932,4.44764
1993,-0.26389,-0.06407,1.45031,0.00503,4.52422,-0.00891,16.2839,0.14703,13.86575,-1.76742,0.37315,-0.00701,0.00086,0.43907,0.00134,2.48245,0.82069,1.91093,3.90463,2.34935,15.35069,-1.35171,2.06877,354.32457,0.4243,0.02892,2.30526,0.4868,7.54228,4.86165,40.73791,0.00397,2.05265,1.81553,1.28661,87.43454,12.10135,0.02091,0.95195,-0.00044,0.6619,0.53661,3.55016,-0.27463,-2.44567,37.0646,42.87963,-0.65275,0.01103,0.00488,0.18788,16.62218,2.94341,1.19069,0.28004,-0.33004,-0.7338,6.41117,0.43999,0.72508,1.35364,1.06863,0.16808,-0.90542,-8.61776,5.63903,0.0627,-0.01118,12.05553,1.0522,0.73601,0.91472,0.41653,9.02246,-1.34976,0.07457,30.15435,214.27362,5.73047,-0.11153,-1.12917,0.24701,-9.23471,0.6636,-5.57289,0.09829,7.42658,10.37189,0,0.00302,1.07335,4.96662,1.03388,0.02524,0.13249,2.73573,-0.20955,-0.00268,-0.34297,0.10276,12.92456,1.18793,41.89359,0,8.24807,-0.0138,0,0.76094,-0.0007,23.61099,-0.01576,-0.08866,2.52684,-0.26937,5.06498,8.399,24.99246,1.45901,0,4.72424,1.11526,-0.63088,9.85381,10.73451,48.46055,0.00138,-0.68527,1.13219,0.73938,-0.00177,0.01548,1.01859,0,2.02344,9.16556,13.00244,24.44771,14.50734,-3.91413,0.50528,0.01046,5.64295,-1.91969,13.58939,0.36505,-0.00962,0.00052,-0.00732,-0.05698,0.00099,0.6186,1.26776,-1.1809,0,1.30495,0.0402,0.01276,-0.26976,0.25825,2.07606,10.06357,-5.98195,-3.71107,2.9778,13.00364,0.60995,0.11094,-3.2471,-0.02158,-0.38128,0.31754,16.99816,17.97517,1.1479,1.11575,-0.00448,-0.05539,-0.14223,3.44447,2.52002,0,4.85076,1.29311,-0.16179,-1.09298,-1.76447,-1.00998,1.1143,0.22866,7.72108,11.70997,0.62401,9.26812,4.44566
1994,-0.19045,-0.17971,0.94967,0.00524,5.16615,-0.00863,16.05316,0.29212,10.02244,-1.76435,0.47295,-0.00524,0.00088,0.21168,0.00103,3.23862,0.29814,1.50011,5.24928,4.00012,32.86604,-1.01699,1.74235,443.62195,0.29058,0.32791,2.47806,0.55701,7.20471,8.20288,47.24908,0.00798,2.12123,1.97435,0.68464,112.15488,15.65949,0.02213,2.3483,-0.00092,2.02692,0.92328,3.0603,-0.30424,-2.32077,35.40897,46.9936,-0.35132,0.01038,0.00101,1.32581,11.69789,3.30108,1.33132,1.08063,-0.24372,-0.90313,5.41497,0.36037,0.49255,-2.50106,2.53726,0.15422,-0.96781,-7.18824,7.91766,0.11381,-0.01294,13.13614,1.47159,0.71183,2.49013,0.19446,8.96605,-0.92589,0.07757,26.81015,269.71122,3.63805,-0.58917,-1.09385,0.18514,-9.66237,0.6115,-4.33069,0.20304,7.67373,7.18916,0,0.0025,1.44826,5.18804,-1.30996,-0.01129,0.10072,2.97227,-0.02789,-0.00242,2.07661,0.02348,16.20701,3.09137,36.49888,0,8.49469,-0.01734,0,0.63215,-0.00134,24.2801,-0.01507,-0.07714,3.09537,-0.14603,3.44418,9.25001,27.43786,1.70322,0,4.50746,1.18196,0.4679,17.50473,14.2576,60.0403,0.00088,-1.09964,0.83542,1.62668,-0.00174,0.01189,1.842,0,2.64474,4.39891,21.88703,22.77787,14.26226,-3.65993,0.19718,0.00969,5.01384,-1.63254,24.8016,0.48912,-0.0089,-0.00554,-0.00857,-0.05922,-0.00878,0.32675,0.62241,-1.20269,0,1.39733,0.06204,0.11375,-0.34414,0.25431,2.20421,9.84896,-5.66357,-6.94949,3.5867,15.99136,0.65926,0.08072,-2.67591,-0.03382,-0.45181,0.49011,17.56059,18.40868,0.90542,1.28045,0.00108,-0.08125,0.29282,0.35943,2.41598,0,4.70832,1.61717,-0.16665,-0.62525,8.10987,-0.96277,1.09374,0.3602,9.69817,10.86851,0.50408,9.3107,4.59987
1995,-0.07508,-0.17141,1.42236,0.00591,5.10846,-0.0082,16.12304,0.42307,31.463,-1.75469,0.52504,-0.00002,0.00047,0.32921,0.00084,2.42813,0.19303,1.38847,7.26153,2.45281,25.33692,-0.93308,1.71842,436.53188,0.22095,1.42259,3.37421,0.57624,6.33879,6.10583,39.27123,0.00609,2.15847,2.0106,1.3579,87.52032,23.79228,0.02266,2.97608,-0.0012,1.02286,-0.69975,1.62124,-0.27838,-2.49392,28.88467,50.46844,-0.3968,0.00754,0.0021,0.97616,9.23132,2.14956,0.9819,0.55688,-0.32862,-0.77059,4.7986,0.3049,0.60426,-5.59372,1.21958,0.19959,-1.10467,-5.69916,9.29758,0.05483,-0.01227,10.95137,2.27108,0.71938,3.17845,0.81411,6.50268,-1.04099,0.06992,20.90054,254.30427,0.49289,-0.59129,-1.09509,0.09778,-8.59426,0.31447,-6.21802,-0.0217,-2.31374,3.75013,0,0.00224,1.35844,5.03923,-0.88572,0.08648,0.13523,2.97012,0.47748,-0.0021,0.71557,0.00745,14.8825,3.51276,30.11514,0,17.17205,-0.01787,0,0.55956,-0.00082,22.82212,-0.01437,-0.10003,3.01333,-0.23647,3.98971,10.15551,26.99066,1.09215,0,3.89103,1.2198,-1.29004,18.65306,10.30078,46.73721,0.00063,-1.71054,0.71549,1.17003,-0.01197,0.01072,2.12726,0,2.62631,8.98342,16.81604,17.58847,15.38542,-4.60209,-0.59842,0.01039,4.47084,-1.81668,-0.54001,0.5116,-0.01195,-0.00611,-0.00934,-0.05892,-0.00889,0.05073,1.61864,-1.30139,0,1.35188,0.04725,0.09527,-0.36971,0.21982,2.29587,10.50343,-5.5862,-1.02358,3.36477,13.09695,0.6625,0.07711,-1.56347,-0.04537,-0.56639,0.34239,16.22715,18.19185,0.81599,1.39661,-0.00097,-0.06813,0.22403,-0.78304,2.13004,0,4.5186,0.47172,-0.16676,0.94629,-11.42165,-0.86991,1.05339,0.29412,10.96774,26.08226,0.52512,8.87862,7.27203
1996,0.25861,-0.17701,1.00898,0.0036,5.54366,-0.00784,16.28349,0.2639,32.93098,-1.67952,0.66353,0.00068,0.00038,1.72971,0.00069,2.08463,0.3045,1.24476,8.20614,2.1187,25.88712,-0.89613,1.40999,426.76897,0.33754,1.80062,5.56121,0.57152,5.55356,6.57724,47.6223,0.01424,2.14152,3.68036,0.42916,91.62014,24.69397,0.02306,3.38155,-0.00128,1.29199,-0.65216,4.25622,-0.27797,-2.36981,28.1122,50.41386,-0.2908,0.00371,0.00325,-0.107,12.12716,1.44603,1.0321,0.70553,-0.10407,-0.71809,5.33778,0.23449,0.85833,-7.71482,1.7495,0.19953,-0.95021,-6.18786,11.87514,-0.14302,-0.01161,12.2044,2.69855,1.06501,1.44752,2.38097,4.51287,-0.97371,0.07225,26.11906,261.88094,3.04377,-1.34245,-0.85565,0.06515,-8.74787,0.56117,-5.93538,-0.00705,-1.9555,3.3179,0,0.0012,1.1372,6.4096,-1.20666,0.06743,0.16994,3.18986,0.35799,-0.00138,0.66411,0.01874,20.62059,3.58267,28.80107,0,10.38408,-0.02015,0,0.49494,0.00438,20.5947,-0.01369,-0.1108,26.85191,-0.20787,2.53881,11.43422,27.38129,1.04508,0,3.59991,1.54174,-1.30277,19.83844,8.29254,37.95516,0.00048,-1.40792,0.54558,0.61468,-0.01009,0.00853,3.82156,0,2.90618,13.46457,13.44462,18.30811,22.20464,-4.21891,-0.91436,0.00743,3.90858,-1.59407,119.2743,0.56063,-0.0099,-0.00636,-0.00164,-0.05747,-0.01415,-0.23059,-0.49023,-1.22691,0,1.35316,0.03712,0.17234,-0.43363,0.21936,2.37983,9.8147,-5.4928,-2.35686,3.38204,8.62093,0.47939,0.08664,-1.57252,-0.09863,-0.27325,0.32631,19.36258,17.68232,0.69586,1.72693,-0.00988,-0.09574,0.06596,-1.05586,1.90418,0,4.31339,-0.27734,-0.16931,2.19285,-12.49026,-0.7963,0.90437,0.24107,9.51317,22.31882,0.33503,8.1877,6.63803
1997,0.75292,-0.17315,0.84752,0.00397,6.30378,-0.0075,16.68383,0.20325,25.20906,-1.49283,0.69124,0.00117,0.0008,1.71697,0.00081,2.16835,0.18558,1.30824,8.53933,1.84145,26.85543,-0.15424,1.33346,443.86233,0.36884,-1.09252,5.07861,0.58777,5.84315,9.30985,39.0025,0.00824,2.27754,2.82166,2.06176,93.50874,35.43217,0.01342,6.09909,-0.00135,0.60131,0.7049,1.87362,-0.22565,-2.27439,27.46539,58.81914,-0.31492,0.00178,0.00375,0.37702,12.56702,1.73313,1.50304,1.43499,0.64428,-0.48188,4.48474,0.16655,1.32025,-9.93317,3.80753,0.22143,-0.79085,-7.3217,9.58235,-0.31132,-0.01146,18.02028,3.05062,0.78997,3.81392,1.1208,4.49135,-0.99141,0.05839,19.92644,745.66026,-0.04262,-1.14993,-0.79738,0.04059,-6.16885,0.22032,-5.67556,-0.03741,-2.61426,2.5977,0,0.00182,1.14404,5.68399,-1.29331,0.04171,0.15059,3.44175,-0.22104,-0.00174,1.15332,0.01042,25.51555,4.87739,25.72704,0,7.40952,-0.02278,0,0.43151,-0.00021,22.06402,-0.0131,-0.12365,14.08772,-0.20936,2.57174,12.07341,26.86993,1.03337,0,3.50312,1.23846,-1.28161,18.62846,6.97251,40.56602,0.00039,-1.22642,0.45834,0.59662,-0.01018,0.01059,3.65165,0,3.6042,10.33833,18.3959,17.03678,8.69093,-3.76435,0.23001,0.00628,3.09749,-1.83455,17.67217,0.81465,-0.00909,-0.01228,-0.00876,-0.05467,0.02595,-0.47062,-0.83128,-0.91649,0,1.35283,0.03078,0.18304,-0.30648,0.24906,2.46801,9.13548,-5.44446,-5.1017,2.73842,6.10899,0.43473,0.07618,-1.42626,-0.08737,-0.48901,0.20495,20.14772,15.23228,0.53533,1.68939,-0.00813,-0.11549,0.4034,1.41757,1.89332,0,4.27325,-0.98615,0.04451,0.74262,-8.5404,-0.69819,0.85398,0.32174,11.98965,22.62966,0.22898,8.79503,5.17568
1998,0.23846,-0.12924,0.67157,0.00336,6.87658,-0.00714,17.10644,0.13542,33.10949,-1.28302,0.50482,-0.0045,0.00045,1.5642,-0.00166,2.6091,0.12774,1.39651,7.3673,2.20684,32.97803,-0.57833,1.70889,490.45886,0.62247,-0.71764,4.49173,0.6517,5.60216,10.62974,45.31781,0.00469,2.61259,2.28563,0.89179,98.34026,34.20061,0.01361,7.17849,-0.00143,0.75897,0.43481,2.29307,-0.25823,-2.15117,25.71226,60.28773,-0.60393,0.00291,0.02806,-0.19933,11.90476,1.52006,1.79347,1.60485,0.27776,-0.61362,5.33513,0.17227,1.91683,-11.39175,4.13086,0.46738,-0.94622,-8.0034,8.91586,-0.42654,0.00551,15.87564,2.43111,1.3453,4.2266,0.95347,6.93263,-0.86438,0.05191,19.27864,304.26863,-4.66671,-1.38455,-0.58913,0.00876,-3.27449,0.31578,-5.54521,-0.03159,-1.88637,4.55454,0,0.00515,1.23487,5.85603,-1.58537,-0.14629,0.16967,3.85803,-0.18151,-0.0019,1.23636,0.01637,34.16422,5.27772,31.76568,0,5.02168,-0.0237,0,0.40905,-0.00291,22.34387,-0.01264,-0.19209,9.99896,-0.31319,1.01407,11.67269,30.48585,1.01424,0,4.47519,1.66896,0.02005,19.61599,5.72756,44.56659,0.00033,-1.00191,0.43283,0.46621,0.00373,0.01714,2.9382,0,7.0348,10.25705,17.62149,23.80901,8.85536,-3.32576,0.32067,0.0056,2.62954,-1.39313,1.63539,0.9759,0.00181,-0.00757,-0.00963,-0.05487,0.0348,-0.70778,4.39624,-2.1321,0,1.54175,0.03551,0.28102,-0.15296,0.27849,2.51027,8.96947,-5.40738,-2.68488,2.7372,4.8793,0.62806,0.06486,-0.98309,-0.04491,-0.40202,0.23513,22.01413,14.78806,0.56551,1.61122,-0.00805,-0.08183,0.42468,0.20486,2.24664,0,4.06876,-1.77629,0.20881,-0.59128,-2.94017,-0.57812,0.76616,0.22745,12.15745,28.78051,0.18231,8.40164,6.29698
1999,0.41297,-0.19428,0.43364,0.00321,8.04103,-0.00689,17.37717,0.13279,26.17344,-1.48073,0.53423,0.00414,0.00038,1.06301,-0.00176,2.99995,0.3911,1.3289,7.22096,2.132,27.36529,-0.30491,2.52992,492.58365,0.29426,-1.17361,4.6814,0.59452,7.57515,10.77019,49.44815,0.00448,2.52109,2.95044,0.80952,83.49737,25.14524,0.01299,7.28799,-0.00151,0.5021,-1.94353,1.05247,-0.2161,-2.13629,24.81088,61.56255,-0.54085,0.00247,0.02451,1.4783,11.23744,1.32271,2.12308,1.77312,0.63289,-0.43919,3.79579,0.13774,2.4433,-13.34258,3.99575,0.36824,-0.90741,-8.32977,8.46579,-0.53917,-0.003,14.93907,3.2338,1.37395,3.40183,0.73579,2.32987,-1.64824,0.05258,17.51145,305.8578,2.14811,-1.0847,0.06694,0.03471,-5.11164,2.82872,-7.27274,-0.02898,-10.6139,3.21438,0,0.00976,1.0025,6.84722,-1.3531,-0.026,0.22993,4.87426,-0.1949,-0.00207,1.05781,0.05692,31.56169,4.95647,27.89697,0,3.65491,-0.02394,0,0.39511,-0.00084,20.34045,-0.01208,-0.22232,7.78171,-0.30008,0.83429,11.24646,33.54844,1.01468,0,3.80519,1.51123,-0.63669,20.49405,4.61496,36.29356,0.00029,-0.92193,0.20195,0.49797,0.0074,0.01755,2.55326,0,8.78955,10.25302,15.04009,20.97719,8.65516,-3.68076,1.21558,0.00467,2.52027,-1.11304,11.82518,1.64652,-0.00467,-0.01377,-0.00371,-0.06108,0.026,-0.85189,1.94451,-1.99773,0,2.03976,0.0253,0.3148,-0.05249,0.21693,2.5631,8.32507,-4.7988,-3.01279,2.42814,4.53561,0.47926,0.05985,-1.25517,-0.15583,-0.72314,0.21434,20.83785,14.25487,0.61155,1.52806,-0.0114,-0.08229,-0.02107,-2.25919,2.51319,0,5.26187,0.62661,0.24318,-0.92421,10.97215,-0.61222,0.73395,0.32921,12.44936,33.7892,0.21141,8.01755,5.83935
2000,0.28495,-0.27878,0.54978,0.00252,8.83579,-0.00649,18.31315,0.14134,33.1911,-1.73992,0.43847,-0.00539,0.00032,1.00411,0.00001,0.88376,0.09201,1.28274,6.6603,2.28795,21.66075,-0.51052,1.69042,462.02538,0.28667,-1.56692,4.47294,0.68694,8.75763,9.0504,46.59193,0.01327,2.48204,3.54237,2.4735,49.82473,11.04374,0.0179,6.14569,-0.00155,1.25335,-2.1581,4.31643,-0.21756,-2.08744,22.30597,62.55124,-0.18357,-0.00099,0.02545,0.69825,7.38551,1.3321,1.33945,1.49885,0.34004,-1.05771,7.7113,0.0788,2.54874,-15.24603,3.08448,0.32793,-0.89172,-8.38113,8.02339,-0.55562,0.01069,14.44521,3.86121,1.10706,1.10349,0.43338,1.66562,-1.41574,0.04376,25.94819,223.73132,0.95714,-0.9655,-0.07736,0.00348,-5.93221,1.00284,-3.27345,-0.02209,-10.754,3.7986,0,0.01137,0.94604,8.87307,-1.60614,-0.10786,0.25708,5.001,-0.20126,-0.00175,-3.36234,0.02206,26.76,4.86327,17.35506,0,3.88988,-0.01851,0,0.41801,0.03989,21.40304,-0.01173,-0.23634,6.32202,-0.27703,-0.31782,11.97033,33.64,1.0267,0,3.93863,1.31648,1.22125,19.73534,3.73944,38.68466,0.00024,-0.94975,0.44142,0.43631,0.01343,0.01155,3.33152,0,4.59078,10.27515,15.28774,23.97099,7.16021,-4.87998,0.13475,0.00474,2.40821,-1.86906,-8.2769,1.75695,-0.00645,-0.01439,-0.0082,-0.05881,0.01202,-0.88849,0.57059,-1.9988,0,7.13648,0.0195,-0.01387,-0.04368,0.25292,2.69089,7.17069,-4.75069,-4.28691,2.32038,5.8133,0.59295,0.14243,-0.24878,-0.01879,-0.22818,0.12111,20.88649,13.69117,0.57899,1.31146,-0.01144,-0.12661,-0.12949,-0.70714,2.6599,0,4.98327,0.60084,0.26183,-0.30935,5.56891,-0.59723,0.64176,0.30421,11.36727,45.55735,0.06264,7.62401,5.31566
2001,0.40787,-0.26533,0.62164,0.00228,11.78589,-0.00623,20.55423,0.32187,19.89896,-1.73493,0.39063,-0.00822,0.00023,0.72189,-0.00298,0.11424,-0.04682,1.47951,6.70066,1.70193,21.36254,-0.59357,1.8357,449.30593,0.3016,-1.93628,5.00415,0.71363,8.48764,8.41483,55.77672,0.01191,2.46015,3.10455,2.792,28.56159,6.8181,0.0149,4.37861,-0.00184,1.30535,-2.33057,1.81012,-0.22992,-3.55823,19.73158,54.07008,-0.35677,-0.00823,0.0166,0.58659,5.45025,1.30404,0.47274,1.36192,0.2306,-1.18224,5.58176,0.03848,2.90319,-16.97344,3.14574,0.32211,-0.80111,-8.26862,8.05735,-0.61649,0.00073,15.49287,3.4443,0.75851,0.541,0.39488,3.36945,-1.60719,0.04203,20.13114,209.89997,0.99234,0.17195,0.14549,0.05497,-6.96974,0.64268,-5.60213,0.0009,-13.94202,3.77671,0,0.01178,0.85767,8.83411,-1.41372,-0.04647,0.22312,4.99922,-0.2336,-0.00276,-2.15118,0.01532,19.27321,4.36645,25.03079,0,7.36862,-0.00882,0,0.39209,0.01362,18.22486,-0.0114,-0.16318,4.53515,-0.34702,-0.14263,15.76909,31.49603,1.04479,0,3.56997,1.3185,7.2754,18.02462,2.92703,31.51544,0.00019,-0.99606,0.57931,0.44433,-0.0023,0.00528,2.32501,0,3.60343,8.87964,15.85872,23.5405,6.52632,-6.53658,0.13196,0.0032,2.45585,-1.69545,-27.83508,1.54715,-0.0079,-0.01671,-0.00933,-0.06058,-0.00168,-0.90912,-0.08686,-2.00513,0,11.71441,0.02791,-0.00714,0.04987,0.30147,2.91313,6.4904,-4.6626,-3.52429,2.12851,6.81526,0.42257,0.05896,0.43503,0.03165,-0.48188,0.1215,20.9859,13.96674,0.57278,1.10396,-0.01122,-0.14223,-0.04293,0.69581,2.10721,0,5.39314,-0.32493,0.2579,0.02358,-17.65466,-0.84486,0.57679,0.40932,9.66391,29.7792,0.31081,9.47076,5.32344
2002,0.99136,-0.31098,0.736,0.00172,14.82178,-0.00576,39.42644,0.38957,13.46511,-1.76198,0.37419,-0.00958,0.0002,0.59592,-0.00191,0.17785,-0.00204,1.49984,6.62364,2.06378,22.93581,-0.02425,1.4182,492.27357,0.31422,-1.90872,4.72889,0.61151,8.17352,6.26275,46.21354,0.00689,2.22769,3.75078,1.94783,13.51821,19.6111,0.01435,3.27927,-0.00257,1.64041,-2.33988,0.61825,-0.03841,-3.60623,18.56332,51.17791,-0.41007,-0.01355,0.00933,-0.5356,4.28288,0.72545,0.03835,0.46167,0.4488,-0.48094,22.13314,-0.00395,3.44195,-17.11358,1.94615,0.32685,1.027,-7.52291,7.89357,-0.66395,-0.00504,16.31167,3.82202,0.65381,1.46962,0.26,5.1796,-1.43214,0.04217,15.23104,269.60743,0.94275,-0.29174,0.03796,0.00758,-8.12908,0.77031,-7.171,-0.01689,-10.69172,3.82896,0,0.01104,0.87374,9.24377,-1.37162,-0.00911,0.27542,5.09622,-0.15803,-0.00299,-2.59448,0.01137,16.58145,4.94346,24.3713,0.00005,13.37165,-0.00707,0,0.31192,0.00385,17.16893,-0.01109,-0.19826,1.24892,-0.31713,3.8175,14.34172,31.59039,1.06144,0,3.40305,1.57677,0.62269,16.52186,2.81753,26.66464,0.00013,-0.89876,0.24572,0.4169,-0.03315,-0.00256,2.15926,0,3.14807,6.43123,15.61466,21.19077,12.35937,-7.90364,-0.69482,0.00427,2.28673,-1.37555,-31.35687,1.26259,-0.00755,-0.01904,-0.00955,-0.06401,0.00129,-0.77786,-0.39904,-1.95389,0,16.98657,0.03066,0.098,0.00675,0.36922,3.29706,5.10504,-4.57312,-2.45451,2.32665,15.29088,0.78188,0.00386,0.35801,-0.09071,-0.06561,0.16123,24.01859,14.12015,0.61228,0.91543,-0.01117,-0.1147,0.09303,-2.17074,1.84211,0,5.88828,-0.66509,0.0525,-0.12348,-25.8897,-0.69779,0.39373,0.40247,9.20528,25.26683,0.0103,12.48278,4.61995
2003,0.9746,-0.1857,0.8599,0.0019,15.57165,-0.00552,49.21592,0.45657,35.52409,-1.38426,0.30077,-0.01154,0.00011,0.52416,-0.00441,0.30148,0.18585,1.23951,5.30875,2.20913,45.61044,-0.23404,1.63127,664.57269,0.34247,-1.76115,5.19514,0.60712,8.82716,6.51171,48.08814,0.00913,2.2447,5.26544,3.42183,10.29026,45.16719,0.01396,4.17516,-0.00312,1.31536,-2.36348,0.23371,-0.06026,-3.75071,20.76376,57.32478,-0.2936,-0.013,0.00374,-0.23888,19.89517,1.33333,-0.0176,0.20705,0.32431,-1.00764,34.88745,-0.02113,3.8399,-16.97041,1.85743,0.3672,-1.48999,-6.51987,7.68311,-0.89096,-0.006,11.894,4.80046,0.79033,3.71806,0.26587,2.77357,-1.29876,0.04144,17.95379,179.00861,1.52484,-0.13453,-0.17112,-0.09197,-7.47317,0.4503,-7.40828,0.13158,-8.90003,4.6414,0,0.00833,0.75401,9.82824,-0.58687,-0.0537,0.41915,5.62474,-0.27888,-0.00321,-1.97906,0.01017,14.84201,4.54609,25.37708,0,5.45384,-0.01304,0,0.29685,0.00365,16.00009,-0.01081,-0.25,-0.08211,-0.18912,0.00927,14.56909,32.21975,1.0486,0,3.60677,1.92748,-0.71534,16.62332,2.32291,25.8921,0.00007,-0.69613,0.05628,0.44224,-0.03652,-0.0099,0.34877,0,2.94559,8.77822,16.908,34.70909,19.14839,-6.8937,-0.34355,0.00257,3.66273,-2.86038,-14.58153,1.10517,-0.00717,-0.01955,-0.00991,-0.06548,0.01331,-0.91425,0.10822,-1.70807,0,16.71547,0.02146,-0.14435,0.11153,0.37804,3.53028,3.98935,-4.43574,-1.91263,2.63653,11.71714,0.77294,-0.00593,1.63042,-0.07887,0.57021,0.24492,28.20559,14.63001,0.67345,0.65974,-0.01112,-0.14333,0.0342,3.46423,1.63565,0,5.70917,-0.33786,-0.01586,0.65088,-11.16497,-0.86561,0.21787,0.87085,11.21024,27.56003,0.38899,11.15725,6.0925
2004,0.67883,-0.36927,0.57135,0.0009,15.65195,-0.00544,56.49109,0.77292,29.03103,-1.4809,0.35429,-0.01276,0.00008,0.45988,-0.0023,0.54918,0.53979,1.05674,5.00562,2.28588,30.73971,-0.42358,1.42198,546.75922,0.25897,-2.4871,4.50088,0.3515,8.99914,7.83913,50.62887,0.00548,2.14854,5.00979,2.48398,13.58973,20.77357,0.00867,3.802,-0.00366,0.49109,-2.07659,0.88406,0.01383,-3.77302,18.65522,53.27817,0.37444,-0.01096,0.00067,-0.27028,6.32775,1.27399,-0.53053,0.68443,0.43206,0.07118,32.66458,-0.04279,4.27816,-16.87117,2.03625,0.35065,-1.38765,-6.19801,7.02245,-0.81531,-0.01275,8.56008,3.98917,0.66307,2.85239,2.14038,1.20987,-1.40992,0.04467,16.16623,202.27803,2.13919,0.58542,-0.08539,-0.10165,-7.9166,0.5603,-8.54667,0.00948,-7.58356,4.59717,0,0.00632,0.5641,10.894,0.64929,0.0182,0.63076,5.2631,-0.24192,-0.00332,0.0341,0.00488,13.61154,5.76581,20.50568,0.00018,8.71833,-0.01682,0,0.27944,0.07158,14.17433,-0.01066,-0.2714,-0.51152,-0.18974,-0.71318,17.53828,34.67407,1.041,0,3.34255,2.35352,-1.86669,13.66235,1.52059,23.78669,0.00002,0.12609,0.05623,0.43983,-0.03446,-0.02019,-0.29077,0,2.82956,5.16471,16.57541,24.97354,10.80947,-8.53793,-1.53616,0.00175,3.03847,-1.88569,-2.09327,0.91649,-0.01298,-0.01567,-0.00875,-0.0697,-0.0013,-0.74154,1.07894,-1.22405,0,13.98128,0.02002,0.16011,0.111,0.57849,3.1657,3.53053,-4.21828,-2.98046,7.39102,12.87062,0.48469,-0.00355,2.24896,-0.17023,0.00247,0.2458,32.14486,14.7329,0.60723,0.79855,-0.00915,-0.13935,-0.02935,0.57287,1.53445,0,4.78489,-0.9009,-0.05383,1.67397,-26.74387,-1.05522,0.1481,0.60536,9.45616,27.72033,0.36651,10.81106,6.37385
2005,0.55765,0.28961,0.42714,0.00077,16.38556,-0.00525,59.70654,1.17966,11.22662,-1.49178,0.35168,-0.01178,0.00005,0.15448,-0.00201,0.59641,0.16614,0.97517,3.61638,1.99568,24.20714,-0.39749,1.3702,490.89325,0.28333,-2.25264,4.68322,0.39781,6.09639,6.90017,46.10157,0.00322,2.06455,3.85276,2.82303,6.27869,10.5041,0.00612,3.59143,-0.00413,0.38221,-2.11881,0.22337,-0.11611,-3.97325,18.90356,54.13869,0.27456,-0.0076,-0.00181,-0.27828,4.17604,1.00463,-0.66456,0.44545,0.67709,-0.5033,32.71699,-0.01861,4.72728,-16.9819,1.91332,0.30941,-1.55086,-6.114,6.93351,-0.97685,-0.0125,8.34655,3.91773,0.6507,0.55527,2.43014,0.77784,-1.43517,0.04875,14.32956,181.39716,2.55034,0.93473,-0.18537,-0.1164,-8.52253,0.29157,-7.48229,0.02433,-6.70387,5.22561,0,0.00545,0.52613,11.53852,1.20562,-0.013,0.32311,5.28625,-0.24278,-0.00361,-1.03363,0.00386,12.26393,5.44874,19.21047,0,5.08074,-0.01734,0,0.27918,0.01509,12.96618,-0.01054,-0.2547,1.34604,-0.49443,-1.11624,14.92435,39.26086,1.02944,0,3.39924,2.94564,-3.25242,11.70912,1.48334,22.3936,0.00015,-0.39382,-0.08354,0.50973,-0.03183,-0.02069,0.2481,0,2.05472,8.39088,16.70044,22.73337,21.0281,-7.22357,-1.23397,0.0039,3.44748,-2.82628,-18.60826,0.73799,-0.01192,-0.01731,-0.00874,-0.0724,-0.01625,-0.78978,-0.25514,-3.88076,0,17.19826,0.01527,0.52762,0.06916,0.55658,2.82977,2.35383,-3.97596,-3.74752,3.63167,9.66083,0.43381,-0.04935,2.16214,-0.1925,0.08561,0.36494,34.39028,15.2357,0.5183,1.11044,-0.00192,-0.13003,0.17249,-2.63383,1.39955,0,4.79264,-0.53975,-0.08264,6.33141,-10.628,-0.80571,-0.02209,0.44012,7.16043,20.81419,0.49555,13.63052,6.95303
2006,0.5092,-0.13681,0.33279,0.00008,17.76234,-0.00471,59.60401,0.62885,7.96557,-1.36583,0.36232,-0.01224,0,0.08926,-0.0011,0.36411,0.09608,1.10044,3.49547,1.78416,20.83881,-0.50102,1.48472,454.71373,0.26156,-2.38352,6.87716,0.42551,4.471,8.2687,41.57949,0.00348,1.90602,3.30395,1.70525,6.58655,15.63188,0.00467,2.73107,-0.00446,0.35354,-2.12779,-0.62391,-0.11906,-3.54653,19.53895,53.42854,0.10953,-0.00463,0.0112,-0.21414,4.77671,0.97581,-0.28468,0.87461,0.43701,-0.4008,35.88027,-0.28427,4.44615,-17.25572,2.4682,0.41606,-1.61972,-5.60804,6.57405,-1.05878,-0.01158,11.691,4.42638,0.60057,2.60701,1.41707,1.13974,-1.31599,0.038,14.40052,335.08263,-3.72795,1.07022,-0.42086,-0.06791,-9.07565,1.60302,-5.28315,-0.10433,-5.98343,5.28582,0,0.00486,0.48577,10.63225,0.35583,0.01055,0.4332,5.28769,-0.23003,-0.00393,-1.0364,0.02408,12.06687,4.88406,21.82516,0,4.07564,-0.01732,0,0.27587,0.01036,13.57345,-0.0105,-0.25837,-0.29601,-0.38124,-1.01291,16.36619,44.78767,1.02845,0,3.07749,2.64835,-0.89826,11.62213,4.10425,20.10092,0.00031,-0.15765,-0.20204,0.47953,-0.02672,-0.01414,-0.2516,0,2.97719,14.5872,16.74119,21.67604,22.10192,-9.40831,-1.40275,0.00445,3.14301,-3.84908,0.8777,0.7432,-0.01063,-0.00909,-0.00831,-0.07378,0.00572,-0.63674,0.43284,-3.71643,0,9.85281,0.01305,0.78222,0.17717,0.53262,2.83211,2.93826,-3.88672,-4.30743,3.51617,10.88686,0.32968,-0.02127,2.15808,-0.18145,0.3401,0.2478,41.90724,15.69761,0.47332,0.83745,-0.00025,-0.1249,0.2794,-5.55122,1.32765,0,5.35184,-0.95012,-0.10084,5.14069,-31.44154,-0.13283,-0.14476,0.32287,8.99612,17.05662,0.32027,12.15149,5.48964
2007,0.47862,0.62275,0.26706,-0.00032,22.00563,-0.00397,41.47,0.48149,16.08053,-1.13783,0.36141,-0.00685,-0.00004,0.4861,-0.00194,0.59081,0.03555,1.06697,5.89465,1.95178,19.37676,-0.26401,2.28128,419.01111,0.32428,-2.28609,6.35162,0.42367,4.04388,8.49344,38.31073,0.01253,1.97081,3.02622,2.46801,2.64669,13.15662,0.00371,4.1012,-0.00475,0.71803,-0.89011,-0.84763,-0.17314,-3.48376,16.29183,52.82904,0.49773,-0.00271,-0.00409,-0.38134,5.36559,1.09688,-0.34406,0.85785,0.33611,-0.48249,27.79224,0.01337,4.95232,-17.00613,2.74549,0.97531,-1.70294,-5.58894,6.85254,-0.99993,-0.01205,9.90101,4.55855,0.64459,1.22947,1.27076,1.56122,-1.17421,0.03923,21.07294,157.1662,-2.00297,-1.17621,1.96732,-0.09882,-5.76635,1.83381,-6.76197,-0.02311,-3.61534,5.90502,0,0.00465,0.4609,12.14103,0.16048,-0.01044,0.38259,5.17622,-0.2258,-0.00374,-0.81739,0.02025,12.19011,5.35319,25.21991,0.00017,5.38775,-0.01711,0,0.31206,0.00411,10.34927,-0.01054,-0.24776,-0.25435,-0.38005,-0.94521,16.80229,45.8266,1.05992,0,3.0347,2.36051,-2.00961,10.39058,2.07895,18.32579,0.0004,0.64909,-0.17504,0.58051,-0.02444,-0.00904,-1.4064,0,2.46492,11.59931,16.1014,20.76924,25.45548,-7.25792,-0.13753,0.00547,3.23736,-3.38645,-1.24363,0.61855,-0.01074,-0.02032,0.00278,-0.08057,-0.00709,-0.79122,6.27745,-3.41682,0,7.84532,0.02265,1.21441,1.67632,0.55917,3.68956,4.08969,-3.77899,-4.03332,7.8224,9.53069,0.40846,-0.0236,2.34063,-0.17242,-0.08873,0.26063,40.92955,20.0999,0.57769,0.98918,0.00026,-0.12371,0.44917,-6.31249,1.11168,0,5.78535,-0.34377,-0.09685,3.87558,-34.67255,2.51821,-0.22818,0.15882,9.43181,20.16648,-0.04299,14.62653,6.89802
2008,0.43235,0.36327,0.24924,-0.0004,29.19439,-0.00324,33.26691,0.41623,39.96065,-1.05525,0.3921,-0.00674,-0.00007,0.58903,-0.00064,0.74415,-0.02412,1.08246,5.53609,2.33862,20.16802,-0.40364,2.24912,399.24578,0.36243,-2.08896,6.3415,0.41334,3.95445,13.38554,29.94562,0.0066,3.21751,4.17302,2.84793,4.29025,6.33918,0.00339,4.13248,-0.00503,1.30374,-1.6718,-1.25125,-0.1224,-3.34589,14.42373,100.88507,0.51876,0.00025,-0.0007,-0.08498,4.30411,1.24644,-0.38518,0.87297,0.42002,-0.30609,29.40439,-0.09691,4.90911,-16.69663,2.59783,0.97488,-1.59376,-5.56337,6.50054,-0.9806,0.00283,8.20557,4.2433,0.5862,2.08127,2.1246,1.41104,-1.24786,0.04046,28.73418,170.91413,-2.85479,-1.69318,0.55809,-0.04687,-7.63201,1.53087,-5.9301,0.16027,3.2461,6.72078,0,0.00468,0.39545,12.81642,0.16344,0.05461,0.10029,5.1788,-0.17839,-0.00397,-0.06487,0.00623,11.44886,5.21611,26.64703,0,5.2749,-0.00789,0,0.3955,0.00211,9.17876,-0.01091,-0.27163,0.80376,-0.39939,-0.88894,16.48441,43.68732,1.17698,0,2.90379,2.27342,-0.42136,8.69273,1.34401,22.98155,0.00047,0.81676,-0.27073,0.57407,-0.00826,0.006,-1.17559,0,2.64017,11.44045,16.13412,18.22419,20.4638,-7.73765,-0.71379,0.00636,3.21177,-3.11345,2.89293,0.65301,-0.00775,-0.01793,0.00135,-0.08128,-0.00888,-0.92128,3.90922,-3.56313,0,7.47741,0.02462,1.4594,0.57551,0.60428,3.36344,2.53332,-3.59834,-4.09525,5.38025,13.13981,0.90508,-0.01403,2.39565,-0.23287,-0.08628,0.33993,37.09954,18.87763,0.49619,1.03372,0.00634,-0.11674,0.5215,-6.65757,1.04511,0,5.77438,-0.54393,-0.13843,3.14347,-20.10588,4.06126,-0.30058,0.13496,9.72908,19.61461,-0.08006,20.05102,4.18078
2009,0.39462,0.01806,0.18827,-0.00087,32.34161,-0.00401,63.91483,0.39043,20.2402,-1.13882,0.40418,0.00734,-0.00008,0.19542,-0.0047,0.83182,0.04716,1.32073,4.56169,1.96251,18.96521,-0.25128,1.96086,357.81115,0.4538,-1.63832,6.32759,0.50604,5.29373,16.10435,25.02387,0.00387,2.26484,6.01214,2.60462,11.3192,6.67148,0.00269,4.85308,-0.00524,1.34508,-1.42152,-1.51084,-0.22075,-3.29288,13.67851,148.6482,0.49426,0.00272,-0.00856,-0.342,3.46557,0.91725,-0.31143,0.77136,0.31012,-0.00037,31.96796,-0.11007,4.47489,-16.30638,2.00272,0.85646,-1.63555,-6.14233,6.40411,-0.78726,-0.00475,7.09191,4.27945,0.82649,2.06598,4.14234,2.82157,-1.71352,0.03818,21.58879,261.77104,-3.40353,0.35293,0.11456,-0.10024,-6.2198,0.33765,-6.80301,0.01211,5.94981,7.00939,0,0.00533,0.35889,14.6402,0.04997,-0.09738,-0.07408,5.55062,-0.24468,-0.00424,0.3607,0.00921,10.58953,4.09991,34.60494,-0.00001,4.67644,0.00198,0,0.32251,0.01192,7.58526,-0.01122,-0.21252,0.69265,-0.46348,-0.70863,15.82011,39.39936,1.21083,0,2.65893,2.30369,-1.60347,8.63428,2.07683,7.03886,0.0005,0.82535,0.22264,0.60142,-0.01831,-0.00052,-1.05419,0,4.99856,10.66379,17.08517,18.30055,15.47167,-11.00456,-1.15123,0.00565,2.75346,1.19829,26.51998,0.71129,-0.00598,-0.02027,0.00291,-0.04091,-0.00938,-0.76882,2.96808,-3.12653,0,7.92542,0.02941,1.81327,0.74067,0.73484,3.32672,1.42046,-3.38986,-4.12782,4.51444,10.98734,0.51522,-0.0111,2.62522,-0.26554,-0.00294,0.22548,38.7415,18.89049,0.50557,0.88398,0.00457,-0.11372,1.71842,-5.14192,0.82244,0,6.01141,0.84523,-0.12986,2.37649,-37.73963,2.3648,-0.40183,0.10815,8.91641,30.00257,0.35147,17.57929,3.34233
2010,0.32546,0.02389,0.11616,-0.00078,34.55868,-0.00402,50.62653,0.32845,71.32296,-1.19213,0.39621,0.01174,-0.00004,0.11347,-0.00575,1.00531,-0.0348,1.36408,4.18642,2.38936,18.47787,-0.35244,2.24286,327.29347,0.38962,-1.22515,6.91983,0.72855,6.43715,10.56574,21.13928,0.01028,1.97347,6.24607,2.18145,-3.28788,4.88012,0.00331,5.56585,-0.00539,0.72161,-1.4462,-1.6123,-0.23558,-3.015,13.18451,173.51625,1.22487,0.00547,-0.00434,-0.19554,4.13816,0.90727,-0.34167,0.07486,0.27372,-0.17483,33.79249,-0.05701,4.42189,-15.63496,1.68592,0.6847,-1.6458,-5.85584,6.13736,-0.9292,-0.00686,6.66534,4.25189,0.64862,1.85901,2.77629,2.94626,-1.82046,0.28006,27.79772,207.87138,-3.82757,1.18282,-0.0615,-0.06621,-7.79219,0.1701,-6.66832,0.09742,16.75488,8.61338,0,0.00445,0.45694,14.55435,0.13186,0.09737,-0.13233,5.77177,-0.24696,-0.00457,0.59547,0.01285,9.94055,3.85661,39.98463,0.00008,4.72053,0.0002,0,0.25043,-0.00007,7.90454,-0.01146,-0.23369,1.09939,-0.43767,0.26694,14.17999,36.91467,1.2362,0,2.78683,1.95942,-2.26901,8.28857,4.1214,5.35424,0.0003,-0.19464,-0.07661,0.55675,-0.01433,0.00742,1.78335,0,2.588,8.74169,17.69452,17.72983,21.4459,-7.55716,-1.02182,0.00627,3.00126,-1.32992,84.59976,0.68236,-0.00299,-0.01357,-0.00296,0.01692,0.0104,-0.68055,1.1456,-3.13021,0,7.89052,0.03037,2.28171,0.85788,0.70753,3.03117,0.06023,-3.46464,-4.82877,6.00727,17.79204,0.58279,-0.02457,2.8103,-0.24021,0.00295,0.28235,44.84802,21.33572,0.54571,0.9797,0.00485,-0.09889,0.98493,-7.59006,0.79992,0,5.96257,-0.17025,-0.12893,2.55826,-24.12989,4.28962,-0.42552,0.06729,8.3763,21.92267,0.00535,19.07616,4.79575
2011,0.2934,0.05876,0.07887,-0.00131,31.17374,-0.00398,49.11044,0.28404,36.21769,-1.19937,0.42981,0.00219,0.00008,0.10704,-0.00751,0.79038,-0.04797,1.34338,4.9699,1.99227,17.81847,-0.31384,1.77119,316.0677,0.42533,-0.77395,5.76104,0.98259,8.96755,9.36251,33.81196,0.00505,1.87133,8.84825,2.21987,-3.44901,33.47585,0.00352,6.05095,-0.00537,0.25372,-1.2456,-3.03159,-0.24312,-2.68028,13.82361,199.56708,0.53073,0.00652,-0.0026,-0.72153,10.50249,1.07544,-0.41273,0.47366,0.20299,-0.13094,29.90474,-0.0854,4.36653,-15.51841,1.89241,0.53056,-1.55445,-6.09317,5.49755,-0.91903,-0.01168,5.43693,5.16774,0.58111,1.21744,2.35015,3.08581,-1.70288,0.06656,25.03785,238.26347,-3.97902,0.39843,-0.24982,0.01097,-6.32635,0.35429,-5.80696,0.27922,9.14307,6.97692,0,0.00537,0.36685,13.37514,0.33794,-0.02097,-0.25813,5.70493,-0.22026,-0.00494,0.90829,0.01342,8.69325,3.40986,50.30598,0,4.53068,0.00024,0,0.28072,-0.00234,6.93318,-0.01287,-0.21892,0.53105,-0.38755,2.01708,12.67185,34.93356,1.20681,0,2.37735,1.71887,-1.874,6.86199,6.97397,0.20988,0.00008,0.17088,0.78229,0.55592,-0.00218,0.00011,2.06166,0,1.04174,9.07333,19.94799,18.89769,22.24777,-9.55949,-0.81684,0.00625,2.59765,-1.81298,5.61963,0.74946,-0.00539,-0.01121,-0.00472,0.0669,0.01502,-0.66036,0.64497,-3.10179,0,5.49778,0.04624,2.59081,0.8544,0.69738,3.0913,-0.15231,-2.9288,0.00413,4.54136,26.45194,0.46011,-0.02174,2.37573,-0.27316,0.08186,0.1962,39.90118,19.30536,0.46692,2.03674,0.01017,-0.09947,0.46752,-5.48731,0.70325,0,5.34125,0.02216,-0.12239,2.94234,-42.4755,2.41844,-0.49138,-0.05167,8.9873,19.73122,0.11527,20.14508,3.19165
2012,0.26198,0.08203,0.03662,-0.00143,30.14976,-0.00367,37.64965,0.29172,22.33899,-1.15865,0.58408,-0.00145,0.00004,0.9592,-0.00998,1.26284,0.13307,1.26054,6.4985,1.99856,17.19456,-0.1439,1.95016,332.69234,0.33389,-0.34608,6.09284,0.90072,10.22584,8.65584,25.01427,0.0067,1.79415,10.54993,2.34484,-18.47093,76.44436,0.00597,5.68482,-0.00525,0.71694,1.2986,-1.85807,-0.26599,-2.60687,20.0737,194.67226,0.61358,0.00728,-0.00121,-0.51625,9.07116,0.67017,-0.38265,0.59006,0.17796,-0.00879,29.60908,-0.08384,4.52224,-14.41268,2.39356,0.43363,-1.0682,-5.75855,4.79435,-0.97115,-0.01229,4.83953,5.80186,0.56741,2.38916,2.18417,2.16268,-1.84724,0.07749,30.41537,251.19259,-4.08292,1.76251,-0.43036,-0.03978,-8.90658,0.14842,-5.43798,0.21131,8.60304,5.84143,0,0.00456,0.39253,12.03587,0.54464,-0.10353,-0.32668,5.85338,-0.19482,-0.00507,1.21082,0.01412,7.26013,3.39234,49.05218,0.00002,4.51761,0.00072,0,0.21747,-0.00182,7.31903,-0.01455,-0.55037,0.55279,-0.49984,1.61221,11.68727,32.85371,1.21476,0,2.17399,1.84545,-1.9533,6.33725,9.01526,-0.70001,-0.00003,0.0107,0.29691,0.57334,0.00503,-0.00201,2.50074,0,1.8729,5.9788,18.86546,16.48529,16.39819,-10.11383,-0.31492,0.00716,3.54145,-1.23169,82.46898,0.63978,-0.00488,-0.01277,-0.0046,0.11598,0.00076,-0.65209,0.37387,-2.97336,0,5.48154,0.0428,2.87177,1.01987,0.565,3.84199,-0.22337,-3.077,-3.94603,3.07002,18.68893,0.9889,-0.01805,2.66172,-0.25805,-0.01752,0.49348,37.46268,15.83594,0.47801,1.20124,0.00959,-0.10899,0.497,-5.85433,0.66923,0,4.88899,2.31942,-0.11593,3.38724,-19.82836,3.0683,-0.53109,-0.0239,11.28583,19.41702,0.01707,17.18322,2.34886
2013,0.26485,0.05209,0.13973,-0.00141,30.26991,-0.00209,30.05643,0.24038,19.89275,-1.07437,0.46422,-0.003,-0.00008,0.97815,-0.01232,2.16049,0.16359,1.29637,4.70763,1.22553,15.72168,-0.25582,2.70753,328.26003,0.24177,-0.92936,5.38502,0.93766,11.25203,10.5549,28.7414,0.00317,2.04568,10.16035,2.21115,-22.56193,32.14166,0.00347,5.48659,-0.00488,0.78321,-0.57344,-2.05623,-0.24802,-2.28252,18.65284,203.91006,0.826,0.00795,-0.00594,-0.3881,5.30025,0.74205,-0.34375,1.29735,0.16962,0.01358,30.71636,0.02496,4.69829,-13.11609,3.13263,0.36578,-1.50337,-5.35847,4.39416,-1.79814,-0.01195,6.26165,5.26043,0.53444,1.30174,1.22411,2.0544,-1.73327,0.07213,14.54222,247.51392,-3.43611,2.99531,-0.68985,0.09484,-8.11916,0.10647,-4.75976,0.19767,7.16595,4.87226,0,0.00377,0.43143,10.67662,0.35799,0.05883,-0.18819,5.85283,-0.20581,-0.00533,1.2232,0.01937,6.99702,3.67903,45.18434,0,4.3694,-0.00658,0,0.19777,0.13025,6.65465,-0.01497,-0.49111,0.15454,-0.45814,-0.2339,11.24245,32.09782,1.22009,0,1.87872,1.77828,-1.60611,5.38014,6.40681,-0.72783,-0.00009,-0.09559,0.12831,0.69386,0.0054,-0.00004,1.513,0,1.55321,8.60387,21.03077,15.04914,15.02688,-9.32254,-0.62925,0.00721,2.74547,-2.13068,52.28156,0.60509,-0.00586,-0.01389,0.01327,0.15858,0.01608,0.42907,0.30333,-2.81283,0,4.10814,0.03246,3.39288,0.91731,1.10643,3.37327,-0.39781,-3.14455,-3.42505,2.78296,13.95522,0.95494,-0.03068,2.46564,-0.20971,-0.02136,0.63749,37.33284,14.88771,0.50342,0.82704,0.0154,-0.09999,-0.01243,-4.13145,0.64519,0,4.35765,1.28867,-0.11213,3.08402,-36.40042,3.0772,-0.2474,-0.10712,10.18347,21.94111,-0.07117,15.67987,2.11817
2014,0.2982,0.05507,-0.00398,-0.00144,29.27385,-0.00298,35.2581,0.18995,11.71024,-1.1971,0.52512,-0.00472,-0.0001,0.80744,-0.01467,1.83167,0.41464,1.79531,4.05894,0.73141,14.2557,-0.07425,1.79722,324.30796,0.51686,-0.66375,5.41723,0.95588,12.9057,5.15756,41.30921,0.00209,1.68328,8.12305,2.04492,-30.56833,19.70036,0.00257,3.90454,-0.00419,1.14517,-0.41842,-1.8699,-0.03653,-1.88405,29.1542,182.06773,0.44451,0.00801,-0.00781,2.2323,14.67849,0.78119,-0.07227,0.01567,0.14417,0.18791,27.30584,-0.07857,4.79104,-12.7922,0.98323,0.40784,-1.39532,-5.58512,4.11259,-1.61186,-0.01133,11.10297,4.66447,0.53951,-0.21618,1.01065,1.74294,-1.63584,0.07197,-0.65218,320.40448,-4.0597,1.7516,-0.86417,0.00834,-8.30441,0.01015,-4.01207,0.15932,8.05881,3.72997,0,0.00258,0.39029,11.31778,0.55909,0.10954,-0.35212,6.08678,-0.19607,-0.00558,0.62721,0.01488,5.68179,3.55346,70.99288,0,4.29496,-0.00786,0,0.22245,0.04974,6.57692,-0.01509,-0.44992,0.06335,-0.53154,0.16453,10.97517,30.95584,1.26274,0,1.80599,1.81172,-1.97385,4.47237,7.1525,-1.06389,-0.00014,-0.15779,0.09075,0.78086,0.01093,0.03504,0.95724,0,1.28007,10.48225,21.82885,14.32854,13.36025,-9.59006,-0.78494,0.00544,2.60155,-2.48829,23.39653,0.49195,-0.0059,-0.01532,-0.00057,0.18996,0.0066,0.19248,2.79004,-2.83751,0,3.44615,0.06898,4.11454,0.8295,0.75336,3.17051,-0.62863,-3.00873,-3.67283,2.32278,15.32485,0.74803,-0.0337,2.47083,-0.26958,-0.07446,0.68496,38.06574,15.88251,0.53242,0.60879,0.01786,-0.08983,-0.03944,-4.3866,0.58303,0,3.72177,1.37421,-0.10611,2.75796,-13.43896,2.6419,-0.06286,-0.07195,8.25873,58.51345,-0.09539,14.9951,2.00203
2015,0.28716,0.17305,0.0206,-0.00155,30.00732,-0.00327,25.31819,0.19377,3.40021,-1.24818,0.87017,-0.00551,-0.00012,1.32212,-0.01879,1.94274,0.59046,2.1118,3.52831,0.37753,14.87159,0.26709,1.60019,325.67256,0.30029,-0.8507,4.88258,0.86302,12.70795,8.95068,33.79448,0.00097,1.64196,7.60526,2.10315,-16.22755,17.1812,0.00178,4.90395,-0.00402,0.77555,-0.3753,-2.23457,-0.18515,-1.18349,18.28234,157.81251,0.54305,0.00833,-0.00963,0.57123,5.26598,0.72484,-0.32565,1.06669,0.28573,0.27863,19.92655,0.00517,4.95971,-12.14393,3.03198,0.33023,-1.5333,-5.88947,3.66438,-1.99103,-0.01136,8.91312,4.61665,0.50595,0.23036,0.817,3.0347,-1.4631,0.07315,-5.69483,422.77592,-3.60478,1.38032,-0.63714,0.0783,-7.4146,-0.10717,-3.7056,0.13926,6.51168,2.96816,0,0.0021,0.41838,9.47566,1.00612,0.05126,0.37103,5.63708,-0.18818,-0.0057,0.52783,0.00922,6.15596,3.42807,45.18487,0.00002,4.33611,-0.00778,0,0.21007,0.03614,5.30059,-0.01519,-0.48306,0.12157,-0.52461,4.83127,11.26116,31.09944,1.27312,0,2.28216,1.90978,-1.17755,5.46532,8.77421,-0.90445,-0.0002,0.02975,0.06114,0.84584,-0.00207,0.03183,4.08973,0,1.40033,8.9518,17.4981,10.0667,10.83547,-9.62444,-0.75551,0.00416,2.19874,-3.29282,86.57817,0.42771,-0.00631,-0.01405,-0.00412,0.16276,0.03541,0.02849,1.53452,-2.63056,0,3.05639,0.02956,5.21653,0.89701,0.88524,3.09367,-0.58512,-3.01268,-4.35486,2.71787,13.61766,0.66957,-0.03437,2.63826,-0.2663,-0.11737,0.77035,35.55961,12.41183,0.50467,0.42965,0.01616,-0.07284,0.05082,-3.4302,0.57024,0,3.42785,2.21011,-0.0895,3.61807,-19.86277,1.06539,-0.155,-0.05058,8.62305,39.75476,-0.15976,14.66332,1.72498
2016,0.35204,0.03659,0.06336,-0.00155,27.66582,-0.00306,22.33325,0.17028,15.46784,-1.2853,1.39001,-0.00495,-0.00015,0.78255,-0.0153,2.0595,0.35807,1.68231,3.12299,0.22773,13.24087,0.18923,1.5471,297.74888,0.29815,-0.83392,4.69159,0.72241,13.09843,7.57508,32.80877,0.00276,1.71354,6.50807,1.69421,-41.05633,10.06796,0.00138,4.73999,-0.00408,1.05105,-0.68142,-0.33304,-0.04797,-1.70894,17.15945,164.74702,0.53731,0.00907,-0.00831,0.21143,4.28977,0.8123,-0.36853,0.66636,0.42089,0.14406,16.65925,-0.05871,5.23425,-11.70234,1.97363,0.25832,-1.51714,-5.4273,3.5049,-2.30418,-0.01018,7.30231,4.69262,0.48483,2.03716,0.58027,3.94997,-1.44292,0.07314,-14.81917,213.23066,-3.64082,1.13483,-0.48524,0.66113,-6.73969,-0.07662,-4.11111,0.00995,5.57647,2.17018,0,0.00197,0.39131,8.06236,0.67744,0.0955,0.66363,5.69623,-0.17652,-0.0063,0.39311,0.01528,6.129,3.19806,35.48827,0,4.11899,-0.00843,0,0.26077,0.02036,-1.91119,-0.01529,-0.4832,0.08478,-0.55207,3.03164,9.29299,31.30878,1.27432,0,2.23518,1.90501,-1.06078,5.59461,7.57656,-0.76576,-0.00022,-0.27928,-0.00165,0.86357,0.06919,0.06964,3.24508,0,1.53447,16.02819,15.41463,10.58522,9.6619,-8.51459,-0.34494,0.00622,1.88487,-3.34306,80.03209,0.38071,-0.0053,-0.01244,-0.0049,0.11173,0.01944,0.03008,1.03643,-2.62433,0,2.92772,0.02658,3.45035,0.90602,0.81966,3.07165,-0.56225,-3.1043,-4.01164,2.45413,12.86357,0.70971,-0.01234,2.74017,-0.2794,-0.10951,0.79513,34.5374,10.54719,0.47774,0.29218,0.01465,-0.06265,0.37406,-3.21231,0.55126,0,3.17799,1.38688,-0.11413,3.52059,-9.09355,0.59749,-0.27228,-0.05288,7.82535,31.97565,0.07856,15.30972,1.78894
2017,1.02206,0.04546,0.07388,-0.00158,26.76205,-0.00164,15.26834,0.14695,11.76572,-1.25329,0.97788,-0.00474,-0.00018,1.24849,-0.01423,1.86764,0.47751,1.60576,2.96268,0.39342,18.14287,-0.08961,1.58122,278.87792,0.2445,-0.87066,5.28671,0.6183,11.92884,8.98612,32.84414,0.00215,2.16618,6.10803,1.75244,-44.745,31.4481,0.00308,5.19266,-0.004,0.59982,-0.72013,-0.89198,0.01111,-2.26328,35.62007,167.34577,0.62811,0.00939,-0.00768,0.02247,2.08171,0.78621,-0.41123,0.87156,0.469,0.22215,15.05824,-0.06748,5.84455,-9.18635,3.00499,0.23686,-1.61549,-5.48807,3.12155,-2.43788,-0.00977,6.2338,5.04948,0.48582,0.29919,0.39757,3.23079,-1.53407,0.08097,-20.05849,195.85141,-3.5046,0.86689,-0.4462,0.39308,-6.6313,-0.00343,-3.32416,0.07657,5.55906,2.00113,0,0.00087,0.3238,7.01126,0.75657,0.29065,0.46866,5.9748,-0.17824,-0.00584,0.51705,0.01446,5.97598,3.12412,27.16273,0,4.04814,-0.00879,0,0.41142,0.01448,-1.01757,-0.0153,-0.63107,0.04843,-0.54287,0.45235,8.46556,29.80564,1.27791,0,2.39388,1.80248,-0.21228,5.66917,5.76419,0.20672,-0.00024,-0.26686,-0.03182,0.98607,0.0581,0.07098,2.26122,0,1.99122,10.3268,14.42766,11.57516,8.31226,-8.15465,-0.08625,0.00407,2.28404,-3.44396,64.74343,0.33069,-0.00558,-0.01243,-0.00544,0.08334,0.00126,0.06105,0.54832,-2.38785,0,2.70466,0.02447,1.9566,0.89848,0.83161,3.11944,-0.65714,-3.09334,-3.34883,1.96373,12.54337,0.71931,-0.01308,2.95007,-0.23579,-0.1298,0.56492,32.94702,8.82561,0.66315,0.36059,0.0123,-0.0573,0.21222,-2.82774,0.52591,0,3.16794,0.91986,-0.11573,2.84125,2.17588,0.53498,-0.27221,0.13061,8.93501,27.27101,-0.00423,15.26355,2.00709
2018,0.69029,-0.01066,0.29755,-0.00188,25.13832,-0.00264,16.34959,0.13007,5.2821,-1.19283,0.86191,-0.00512,-0.0002,1.81065,-0.01516,1.75943,0.47333,1.45805,2.5857,0.37127,17.42035,0.01471,1.52466,280.37046,0.19234,-0.92443,4.81027,0.53808,11.70714,7.46484,22.31653,0.00079,1.79626,5.67213,1.41422,-49.24159,26.2348,0.00306,3.36906,-0.00387,0.41171,-0.61057,0.08141,-0.11354,-2.54797,24.65315,146.25576,0.54174,0.01021,-0.0093,-0.2419,2.39635,0.64658,-0.41235,0.90555,0.48617,0.26136,12.24874,-0.08416,6.10784,-11.41557,2.201,0.2394,-1.59526,-5.93122,2.68957,-0.05881,-0.00958,5.93339,4.47823,0.45255,1.381,-0.27186,2.02079,-1.49732,0.07946,-18.21711,194.75441,5.64322,0.668,-0.46709,0.291,-2.34055,-0.21011,-2.44062,0.09969,3.95246,1.45546,0,0.00112,0.27592,5.76168,0.95854,-0.07613,0.25069,5.41705,-0.17192,-0.0058,0.79556,0.01071,5.38007,3.1013,22.32133,0.00001,3.97411,-0.00895,0,0.32246,0.01118,-2.73256,-0.01526,-0.57288,1.24102,-0.37429,-1.7716,6.95555,26.19872,1.29166,0,1.98399,1.62197,0.23644,4.97238,5.00832,2.14734,-0.00026,-0.27461,-0.05573,0.98789,0.0229,0.05819,1.63474,0,1.34613,7.48169,12.93187,10.7177,6.58295,-7.03088,0.38325,0.00338,0.40799,-1.4249,68.42854,0.28066,-0.00566,-0.01413,-0.00594,0.05856,0.0104,-0.02327,0.54381,-2.43309,0,2.41291,0.02474,0.41238,0.71759,0.7284,3.11345,-0.54822,-3.13507,-3.34492,1.71482,9.67424,0.70752,-0.01586,2.64797,-0.25836,-0.23524,0.42694,30.6684,7.54932,0.54257,0.22378,0.00879,-0.05427,0.05871,-6.75227,0.52731,0,2.90438,0.7076,-0.1035,3.42992,-8.58393,0.29904,-0.29363,0.00599,9.27377,22.59316,-0.04342,14.29133,1.63447
2019,1.35329,-0.04848,0.14063,-0.00201,24.01049,-0.00281,21.32217,0.11931,3.34925,-1.16736,0.74989,-0.00459,-0.0002,1.98152,-0.01074,1.60911,0.5144,1.80843,2.5137,0.37391,15.05791,0.25505,1.52623,285.96233,0.07869,-0.90385,4.49075,0.52987,11.40548,6.32058,24.30143,0.00024,1.67172,5.3348,1.03957,-59.38876,15.5138,0.00211,2.34366,-0.00376,1.05527,-0.31409,-0.46803,-0.12454,-2.50654,20.18093,132.78521,0.48435,0.0124,-0.00959,-0.26114,8.50386,0.63708,-0.45607,0.6762,0.52419,0.17984,12.11973,-0.0889,6.50596,-11.59128,1.39125,0.23329,-1.51865,-5.54137,2.34963,-1.10783,-0.00841,5.92256,4.26271,0.4446,1.7838,-0.20391,2.40947,-2.3554,0.08292,-22.92547,263.05506,2.44918,0.73707,-0.48967,0.24374,-2.97126,-0.20137,-2.81467,0.00827,4.56907,1.25576,0,0.00079,0.2694,4.44305,0.83498,-0.09004,0.14721,4.83767,-0.16689,-0.0057,0.51212,0.0169,5.11398,3.15745,17.46021,0,3.74143,-0.01225,0,0.16013,0.001,8.64703,-0.0153,-0.54541,0.41317,-0.38657,2.05224,6.38599,24.4203,1.35066,0,1.93601,1.511,-0.3234,4.97499,4.1092,-0.11541,-0.00031,-0.30613,-0.0893,1.08616,0.00902,0.04828,1.33627,0,1.44744,7.62875,11.66008,9.39582,6.14023,-6.46827,0.10957,0.00284,2.0629,-2.06201,30.92895,0.25746,-0.00552,-0.01537,-0.00659,0.0286,0.00411,-0.05597,0.44261,-2.21039,0,2.16069,0.02374,-0.66273,0.76855,0.68391,3.17983,-0.28986,-3.15134,-3.26051,1.52381,8.87458,0.71656,-0.01346,2.64192,-0.29291,-0.19248,0.3732,28.68218,6.52728,0.64273,0.18755,0.00609,-0.05588,0.00499,-4.62845,0.50367,0,3.06615,0.5581,-0.10553,3.02463,-3.92936,0.18237,-0.2423,-0.07734,5.39623,19.49747,-0.05478,13.53926,1.64642
2020,0.983,-0.09121,0.16296,-0.00203,23.17754,-0.00281,13.92739,0.10904,10.44332,-1.16903,0.70624,-0.00396,-0.00021,2.26683,-0.01094,1.2761,0.47596,1.65726,2.43657,0.50109,16.2465,0.20007,1.54432,311.26335,0.16408,-0.9943,4.56814,0.52231,10.16713,6.34019,21.50255,0.00007,1.62695,5.23,0.80706,-58.86489,9.89343,0.00158,3.9239,-0.00369,1.9874,-0.47395,-0.54887,-0.10671,-2.62044,19.7111,118.33689,0.47321,0.01199,-0.00873,-0.28851,5.99332,0.65678,-0.63136,0.78603,0.53023,0.16152,11.63894,-0.13936,6.40505,-11.33279,1.70628,0.23924,-1.37454,-5.42671,1.1993,-1.41977,-0.00825,4.59145,3.99532,0.47331,1.73478,-0.08473,2.63399,-1.311,0.08363,-22.65247,164.50719,1.14644,0.37121,-0.78827,0.22326,-3.40315,-0.19693,-2.10447,-0.02409,4.56424,0.64702,0,0.00078,0.21809,4.11396,0.8196,-0.10416,0.07589,4.62941,-0.16313,-0.00555,0.53737,0.0203,4.802,2.80585,16.92185,0,3.85197,-0.01329,0,0.14455,0.00724,3.51713,-0.01521,-0.47664,0.09912,-0.3822,0.05339,5.345,23.96434,1.4158,0,2.1502,0.92896,-0.00725,4.65696,3.55084,-0.59084,-0.00036,-0.29579,-0.09715,1.07754,-0.00167,0.06746,1.31453,0,1.673,8.85169,10.64983,9.9454,5.93919,-6.6644,-0.01322,0.00249,1.90956,-1.68522,49.5738,0.24115,-0.00536,-0.0132,-0.00665,0.01021,0.00445,-0.06109,0.37589,-2.13649,0,2.09591,0.0226,-1.5403,0.62616,0.65329,3.24028,0.02986,-3.16848,-3.09439,1.42127,7.99284,0.65897,-0.03661,2.32078,-0.30112,-0.16745,0.30335,28.61611,6.31411,0.68467,0.14852,0.00439,-0.05288,0.02111,-4.06653,0.4688,0,2.86486,0.36362,-0.10124,2.63911,1.4386,-0.39317,-0.25463,-0.06319,4.94477,18.35127,-0.06659,12.9927,1.53131
2021,1.33826,-0.1042,0.20926,-0.00197,23.47849,-0.00248,13.13166,0.11007,9.92512,-1.10515,0.80785,-0.00531,-0.0002,2.1816,-0.01109,1.2029,0.50529,1.54648,2.46117,0.59358,15.21879,0.0922,1.61211,345.10868,0.16037,-0.95877,4.56781,0.51987,10.29255,7.13492,20.63178,0.00058,1.55466,5.25397,0.37851,-61.12004,10.47588,0.00167,3.69963,-0.0036,1.35295,-0.53473,-0.23721,-0.09553,-2.84049,22.11125,121.94553,0.50743,0.01165,-0.00901,-0.28555,4.57694,0.66147,-0.59839,0.91777,0.54752,0.15342,12.97531,-0.1603,7.19693,-10.93236,2.11317,0.23166,-1.35854,-5.32692,0.84728,-1.52199,-0.00797,4.69134,4.25283,0.41454,1.42802,-0.23592,2.46077,-1.81886,0.08586,-24.58084,151.65571,1.86644,0.28242,-0.83585,0.3259,-3.15303,-0.18204,-1.76608,-0.05377,3.98548,0.64178,0,0.00073,0.2254,3.34723,0.85147,0.13551,0.11462,4.95899,-0.15589,-0.00543,0.56688,0.02009,4.87701,2.76271,15.63455,0,3.75484,-0.01363,0,0.18149,0.00374,0.17309,-0.01515,-0.51722,0.1551,-0.43871,-0.70012,5.55091,23.63824,1.46045,0,2.00307,0.80335,0.15892,5.04455,3.55557,-0.06392,-0.00039,-0.21095,-0.10681,1.22244,0.0216,0.06819,1.1609,0,1.45857,8.81122,11.50455,9.43156,5.50492,-6.36753,0.32401,0.00275,1.46313,-1.60024,55.20183,0.23703,-0.00504,-0.01382,-0.00593,-0.00324,0.00591,-0.03272,0.45786,-2.06588,0,2.15146,0.02,-2.2843,0.61401,0.67371,3.34775,0.20953,-3.1876,-2.75354,1.46627,8.09757,0.66828,-0.03232,2.69611,-0.29076,-0.18296,0.37452,27.81905,5.47488,0.6354,0.16922,0.00331,-0.04678,0.05847,-3.63154,0.47927,0,2.70327,0.26102,-0.10072,2.72888,10.4125,-0.32822,-0.25534,-0.00746,4.60912,18.51268,-0.02242,13.24979,1.48515
2022,1.5648,-0.13681,0.2678,-0.00198,23.32447,-0.00232,13.91011,0.10808,8.88224,-1.15999,0.83661,-0.00436,-0.0002,1.91095,-0.00948,1.15917,0.48857,1.66678,2.45832,0.48088,15.97913,0.07798,1.63059,316.52073,0.15488,-0.98386,4.66401,0.52579,8.67046,6.19107,26.89365,0.00084,1.65691,5.2479,0.09067,-63.09483,9.46909,0.0019,3.81288,-0.0035,1.18775,-0.59808,-0.03164,-0.08524,-3.11227,23.20043,128.15699,0.4702,0.01213,-0.00811,-0.30323,5.4577,0.6733,-0.56532,0.64132,0.55923,0.15165,13.93921,0.06891,7.60673,-11.24386,1.84422,0.23296,-1.33567,-5.6611,0.85852,-1.53088,-0.00749,4.78459,4.69703,0.42567,1.38685,-0.40096,2.61289,-2.1068,0.08826,-26.08564,157.21988,2.43468,0.45445,-0.89596,0.35992,-3.03053,-0.18898,-1.95808,-0.06418,3.70534,0.47163,0,0.00082,0.20529,2.53601,0.87966,0.08581,0.08293,5.1187,-0.15107,-0.00549,0.583,0.01687,5.13189,2.99244,15.83744,0,3.70941,-0.01393,0,0.19805,0.00396,-1.3624,-0.01515,-0.53483,0.17447,-0.45232,-1.29444,6.17729,22.71029,1.53215,0,1.90948,0.66887,0.09063,5.22684,3.56145,0.68195,-0.00042,-0.28458,-0.14307,1.27792,0.02229,0.07072,0.86889,0,1.44352,9.75573,9.84881,9.17619,5.77335,-6.45336,0.40214,0.00275,1.4636,-1.6604,70.74295,0.23996,-0.00477,-0.01243,-0.00653,-0.01671,0.00397,-0.00562,0.34656,-2.03805,0,2.05771,0.02013,-2.95793,0.51211,0.67411,3.45429,0.20119,-3.14231,-2.6583,1.45522,8.08513,0.64917,-0.0344,2.58649,-0.30717,-0.14767,0.38279,27.3511,5.72073,0.61514,0.18343,0.00195,-0.04465,0.10027,-2.95356,0.47166,0,2.72912,0.18347,-0.10073,2.71481,11.80799,-0.47692,-0.24662,-0.00909,2.89957,18.20553,0.01696,13.22479,1.51373
2023,1.69074,-0.17435,0.2807,-0.002,23.35756,-0.00219,13.10097,0.11024,8.59064,-1.12257,0.84962,-0.00387,-0.00019,2.09929,-0.00877,1.07222,0.50471,1.6451,2.43373,0.46654,20.9311,0.08212,1.64567,295.32045,0.15592,-0.96853,4.63562,0.52813,8.93253,6.21507,26.34032,0.00096,1.45639,5.24787,-0.46346,-62.95872,9.27003,0.00202,3.67602,-0.0034,1.15303,-0.58253,0.42503,-0.0795,-3.30312,23.85652,129.13284,0.50323,0.0127,-0.00766,-0.22553,5.10323,0.67748,-0.60193,0.64226,0.55438,0.15116,14.53877,0.06573,8.16404,-10.8543,1.89896,0.2209,-1.28589,-5.53209,0.57613,-1.5303,-0.00708,5.06041,4.94593,0.40953,1.47138,-0.42076,2.83812,-2.29672,0.08894,-25.9957,189.1877,3.53334,0.38285,-0.90023,0.39072,-2.76457,-0.18307,-1.83724,-0.08023,3.35557,0.5016,0,0.00082,0.18222,3.45096,0.89228,-0.01575,0.06717,5.2013,-0.14736,-0.00543,0.5423,0.01868,5.04897,2.8558,15.52766,0,3.53966,-0.01421,0,0.17942,0.00313,-1.49171,-0.01515,-0.53751,0.20749,-0.43826,-1.36573,6.09669,23.76121,1.59842,0,1.91057,0.57406,0.1285,5.53431,3.51811,0.82566,-0.00045,-0.23539,-0.16769,1.33628,0.02471,0.07211,1.35743,0,1.42304,10.56494,9.90757,9.63085,5.43609,-6.20875,0.48796,0.00229,1.54523,-1.66076,70.05762,0.2169,-0.00454,-0.01183,-0.0066,-0.03069,0.00415,0.01701,0.37018,-1.97586,0,2.19793,0.01987,-3.49361,0.4591,0.6703,3.52349,0.23995,-3.18867,-2.50258,1.42616,7.94086,0.64335,-0.02394,2.70098,-0.28814,-0.17132,0.38452,27.20617,5.35936,0.65575,0.18673,0.00044,-0.04824,0.13807,-2.14131,0.46862,0,2.54376,0.04775,-0.09991,2.73129,14.26127,-0.54481,-0.2446,-0.0017,2.90446,17.59627,0.03858,13.10711,1.45969
,,,,,,,,,,,,,,,,,,,,,,,,,,,,,,,,,,,,,,,,,,,,,,,,,,,,,,,,,,,,,,,,,,,,,,,,,,,,,,,,,,,,,,,,,,,,,,,,,,,,,,,,,,,,,,,,,,,,,,,,,,,,,,,,,,,,,,,,,,,,,,,,,,,,,,,,,,,,,,,,,,,,,,,,,,,,,,,,,,,,,,,,,,,,,,,,,,
SOURCES,,,,,,,,,,,,,,,,,,,,,,,,,,,,,,,,,,,,,,,,,,,,,,,,,,,,,,,,,,,,,,,,,,,,,,,,,,,,,,,,,,,,,,,,,,,,,,,,,,,,,,,,,,,,,,,,,,,,,,,,,,,,,,,,,,,,,,,,,,,,,,,,,,,,,,,,,,,,,,,,,,,,,,,,,,,,,,,,,,,,,,,,,,,,,,,,,,
Net,"<b>REFERENCES:</b><br /> Friedlingstein, P., O'Sullivan, M., Jones, M. W., Andrew, R. M., Bakker, D. C. E., Hauck, J., Landschützer, P., Le Quéré, C., Luijkx, I. T., Peters, G. P., Peters, W., Pongratz, J., Schwingshackl, C., Sitch, S., Canadell, J. G., Ciais, P., Jackson, R. B., Alin, S. R., Anthoni, P., Barbero, L., Bates, N. R., Becker, M., Bellouin, N., Decharme, B., Bopp, L., Brasika, I. B. M., Cadule, P., Chamberlain, M. A., Chandra, N., Chau, T.-T.-T., Chevallier, F., Chini, L. P., Cronin, M., Dou, X., Enyo, K., Evans, W., Falk, S., Feely, R. A., Feng, L., Ford, D. J., Gasser, T., Ghattas, J., Gkritzalis, T., Grassi, G., Gregor, L., Gruber, N., Gürses, Ö., Harris, I., Hefner, M., Heinke, J., Houghton, R. A., Hurtt, G. C., Iida, Y., Ilyina, T., Jacobson, A. R., Jain, A., Jarníková, T., Jersild, A., Jiang, F., Jin, Z., Joos, F., Kato, E., Keeling, R. F., Kennedy, D., Klein Goldewijk, K., Knauer, J., Korsbakken, J. I., Körtzinger, A., Lan, X., Lefèvre, N., Li, H., Liu, J., Liu, Z., Ma, L., Marland, G., Mayot, N., McGuire, P. C., McKinley, G. A., Meyer, G., Morgan, E. J., Munro, D. R., Nakaoka, S.-I., Niwa, Y., O'Brien, K. M., Olsen, A., Omar, A. M., Ono, T., Paulsen, M. E., Pierrot, D., Pocock, K., Poulter, B., Powis, C. M., Rehder, G., Resplandy, L., Robertson, E., Rödenbeck, C., Rosan, T. M., Schwinger, J., Séférian, R., Smallman, T. L., Smith, S. M., Sospedra-Alfonso, R., Sun, Q., Sutton, A. J., Sweeney, C., Takao, S., Tans, P. P., Tian, H., Tilbrook, B., Tsujino, H., Tubiello, F., van der Werf, G. R., van Ooijen, E., Wanninkhof, R., Watanabe, M., Wimart-Rousseau, C., Yang, D., Yang, X., Yuan, W., Yue, X., Zaehle, S., Zeng, J., and Zheng, B.: Global Carbon Budget 2023, Earth Syst. Sci. Data. <a href=""https://doi.org/10.5194/essd-2023-409"" target=""_blank""></a>, 2023. (update after publication) <br /><br /> <b>OSCAR Bookkeeping model</b><br /> Gasser, T., Crepin, L., Quilcaille, Y., Houghton, R. A., Ciais, P., and Obersteiner, M.: Historical CO2 emissions from land use and land cover change and their uncertainty, Biogeosciences, 17, 4075–4101, <a href=""https://doi.org/10.5194/bg-17-4075-2020"" target=""_blank"">https://doi.org/10.5194/bg-17-4075-2020</a>, 2020. <br /><br /> <b>BLUE Bookkeeping model</b><br /> Hansis, E., Davis, S. J., and Pongratz, J. (2015), Relevance of methodological choices for accounting of land use change carbon fluxes, Global Biogeochem. Cycles, 29, 1230–1246, <a href=""https://doi.org/10.1002/2014GB004997"" target=""_blank"">https://doi.org/10.1002/2014GB004997</a>. <br /><br /> <b>H&C23 Bookkeeping model</b><br /> Houghton, R. A. and Castanho, A.: Annual emissions of carbon from land use, land-use change, and forestry from 1850 to 2020, Earth Syst. Sci. Data, 15, 2025–2054, <a href=""https://doi.org/10.5194/essd-15-2025-2023"" target=""_blank"">https://doi.org/10.5194/essd-15-2025-2023</a> , 2023.",,,,,,,,,,,,,,,,,,,,,,,,,,,,,,,,,,,,,,,,,,,,,,,,,,,,,,,,,,,,,,,,,,,,,,,,,,,,,,,,,,,,,,,,,,,,,,,,,,,,,,,,,,,,,,,,,,,,,,,,,,,,,,,,,,,,,,,,,,,,,,,,,,,,,,,,,,,,,,,,,,,,,,,,,,,,,,,,,,,,,,,,,,,,,,,,,