Transfer emissions in MtCO₂,,,,,,,,,,,,,,,,,,,,,,,,,,,,,,,,,,,,,,,,,,,,,,,,,,,,,,,,,,,,,,,,,,,,,,,,,,,,,,,,,,,,,,,,,,,,,,,,,,,,,,,,,,,,,,,,,,,,,,,,,,,,,,,,,,,,,,,,,,,,,,,,,,,,,,,,,,,,,,,,,,,,,,,,,,,,,,,,,,,,,,,,,,,,,,,,,,,,,,,,,,,,,,,,,,,,,,,,,,,,,
,Afghanistan,Albania,Algeria,Andorra,Angola,Anguilla,Antigua and Barbuda,Argentina,Armenia,Aruba,Australia,Austria,Azerbaijan,Bahamas,Bahrain,Bangladesh,Barbados,Belarus,Belgium,Belize,Benin,Bermuda,Bhutan,Bolivia,"Bonaire, Saint Eustatius and Saba",Bosnia and Herzegovina,Botswana,Brazil,British Virgin Islands,Brunei Darussalam,Bulgaria,Burkina Faso,Burundi,Cambodia,Cameroon,Canada,Cape Verde,Cayman Islands,Central African Republic,Chad,Chile,China,Colombia,Comoros,Congo,Cook Islands,Costa Rica,Croatia,Cuba,Curaçao,Cyprus,Czech Republic,Côte d'Ivoire,Democratic Republic of the Congo,Denmark,Djibouti,Dominica,Dominican Republic,Ecuador,Egypt,El Salvador,Equatorial Guinea,Eritrea,Estonia,Ethiopia,Faeroe Islands,Falkland Islands (Malvinas),Fiji,Finland,France,French Guiana,French Polynesia,Gabon,Gambia,Georgia,Germany,Ghana,Gibraltar,Greece,Greenland,Grenada,Guadeloupe,Guatemala,Guinea,Guinea-Bissau,Guyana,Haiti,Honduras,Hong Kong,Hungary,Iceland,India,Indonesia,Iran,Iraq,Ireland,Israel,Italy,Jamaica,Japan,Jordan,Kazakhstan,Kenya,Kiribati,Kosovo,Kuwait,Kyrgyzstan,Laos,Latvia,Lebanon,Lesotho,Liberia,Libya,Liechtenstein,Lithuania,Luxembourg,Macao,Madagascar,Malawi,Malaysia,Maldives,Mali,Malta,Marshall Islands,Martinique,Mauritania,Mauritius,Mexico,Micronesia (Federated States of),Moldova,Mongolia,Montenegro,Montserrat,Morocco,Mozambique,Myanmar,Namibia,Nauru,Nepal,Netherlands,New Caledonia,New Zealand,Nicaragua,Niger,Nigeria,Niue,North Korea,North Macedonia,Norway,Occupied Palestinian Territory,Oman,Pakistan,Palau,Panama,Papua New Guinea,Paraguay,Peru,Philippines,Poland,Portugal,Qatar,Republic of South Sudan,Romania,Russian Federation,Rwanda,Réunion,Saint Helena,Saint Kitts and Nevis,Saint Lucia,Saint Pierre and Miquelon,Saint Vincent and the Grenadines,Samoa,Sao Tome and Principe,Saudi Arabia,Senegal,Serbia,Seychelles,Sierra Leone,Singapore,Slovakia,Slovenia,Solomon Islands,Somalia,South Africa,South Korea,Spain,Sri Lanka,Sudan,Suriname,Swaziland,Sweden,Switzerland,Syria,Taiwan,Tajikistan,Tanzania,Thailand,Timor-Leste,Togo,Tonga,Trinidad and Tobago,Tunisia,Turkey,Turkmenistan,Turks and Caicos Islands,Tuvalu,Uganda,Ukraine,United Arab Emirates,United Kingdom,United States of America,Uruguay,Uzbekistan,Vanuatu,Venezuela,Vietnam,Wallis and Futuna Islands,Western Sahara,Yemen,Zambia,Zimbabwe
1990,,-0.035731,,,,,,-0.83594,2.9514,,34.901,-27.2558,23.2085,,0.66505,-4.2001,,46.6009,-34.6551,,-0.3521,,,1.3654,,,0,-26.6688,,1.4797,15.33,-0.22323,,-0.59388,-0.45399,-24.8067,,,,,0.83201,164.5538,-5.0962,,,,-2.242,1.9375,,,-2.154,12.8723,-1.1768,,-8.549,,,-0.43358,0.27913,-5.1293,-1.6277,,,5.5498,-0.93433,,,,-23.7834,-99.4734,,,,,6.0529,-140.1868,-1.082,,-13.0631,,,,-1.813,0,,,,-0.82184,-58.8736,-18.4246,,2.7253,8.5102,7.9804,,-6.597,-13.6887,-128.3842,0.070458,-159.6315,-5.6737,-11.6242,-2.3421,,,-1.0882,-0.82565,-0.29059,-1.9047,,,,,,-7.4943,0,,-0.45714,-0.79413,-11.725,,,-0.96654,,,,-1.2316,-5.5174,,,0.87732,,,-8.1712,-2.9943,,0,,-0.43304,-39.2528,,-1.3777,-0.64174,,0.98591,,,,,,-1.2926,-4.4713,,-0.32375,,-1.6378,-2.4734,-21.355,53.9933,-6.6311,0.7722,,13.2154,493.8044,0,,,,,,,,,10.7825,-0.26439,,,,-27.8118,-11.6439,-1.3751,,,93.7515,-69.843,-34.4653,-2.5061,,,,-28.0905,-41.7424,,-50.6942,6.8303,-1.5318,-32.1549,,-0.31077,,5.2083,-2.2495,-63.8069,,,,-0.77102,203.5392,-3.9338,-67.4093,74.6522,-0.92642,,,27.2059,-1.8154,,,,-0.32731,-2.4494
1991,,-0.32375,,,,,,-3.6497,2.7677,,35.6949,-25.3205,28.5571,,-0.04837,-4.6192,,37.0964,-32.256,,-0.36876,,,1.3428,,,0,-22.3228,,2.3529,16.8007,-0.2303,,-0.6231,-0.44002,-32.2622,,,,,-0.012521,206.4754,-3.8472,,,,-1.9442,1.3458,,,-1.7684,18.3222,-1.2716,,-1.6455,,,-0.40209,0.47689,1.0714,-1.5334,,,3.8852,-1.0063,,,,-19.3529,-86.1322,,,,,4.5233,-127.1583,-1.0949,,-12.0073,,,,-1.844,0,,,,-0.87312,-63.4094,-13.9304,,18.8425,14.7157,8.8287,,-7.5727,-13.9281,-122.5285,0.31735,-165.9631,-4.5366,53.6882,-2.4626,,,-7.4388,-1.6133,-0.31804,-1.9334,,,,,,-8.0088,0,,-0.4383,-0.75736,-7.019,,,-0.97295,,,,-1.2977,-9.6749,,,3.211,,,-7.069,-2.7863,,0,,-0.49793,-38.497,,-0.82329,-0.66289,,2.0488,,,,,,-1.7453,-3.012,,0.033771,,-1.7184,-2.9134,-19.3855,36.698,-7.0612,1.6669,,12.2607,328.5094,0,,,,,,,,,19.473,-0.26287,,,,-29.7064,-4.0083,-1.6208,,,85.0215,-65.7906,-30.3293,-2.8435,,,,-26.9326,-42.0008,,-41.1006,5.2531,-1.5785,-25.6291,,-0.33718,,4.528,-0.90735,-55.3432,,,,-0.77643,175.7015,-4.2477,-66.9982,103.8329,-0.89766,,,17.0479,-1.5746,,,,-0.55065,-1.9504
1992,,-0.39882,,,,,,-7.0883,2.1041,,38.0857,-32.8674,42.9083,,-0.5745,-5.3068,,48.1416,-49.8577,,-0.36707,,,1.1713,,,0,-20.0832,,1.7308,15.1629,-0.23682,,-0.6751,-0.57628,-31.5616,,,,,-1.2753,154.9968,-5.8821,,,,-1.993,-1.816,,,-2.8241,-2.5469,-1.9733,,-11.0611,,,-0.45604,2.1074,-5.1602,-1.69,,,0.40266,-1.1129,,,,-49.3898,-138.0011,,,,,5.8618,-237.7629,-1.1641,,-19.6776,,,,-2.1685,0,,,,-1.0208,-66.9872,-32.9015,,9.1549,15.0079,8.0467,,-9.4808,-15.9377,-172.8277,0.5974,-243.3258,-5.0589,107.7806,-2.8757,,,-3.7838,-6.8911,-0.32785,-4.2024,,,,,,-31.3145,0,,-0.46267,-0.73857,-8.4517,,,-1.1741,,,,-1.4125,-14.6043,,,1.7625,,,-11.0535,-2.5407,,0,,-0.49649,-66.9281,,-0.15309,-0.80429,,2.3657,,,,,,-1.776,-5.4521,,0.5199,,-1.7729,-3.1031,-28.3304,17.0132,-9.0936,3.8867,,11.6999,1189.9759,0,,,,,,,,,23.1289,-0.32679,,,,-36.4918,-7.1394,-5.8558,,,73.1213,-94.8646,-43.7305,-2.8466,,,,-36.0794,-49.5617,,-76.9477,2.302,-1.5704,-49.5304,,-0.38435,,5.0933,-6.0564,-85.3429,,,,-0.81132,148.4379,-5.6189,-98.4585,27.9974,-0.98008,,,10.2815,-1.5301,,,,-0.56262,-0.94059
1993,,-0.33487,,,,,,-5.9395,0.70263,,41.5102,-28.3958,24.3856,,1.345,-4.9324,,42.3283,-41.266,,-0.351,,,1.2021,,,0,-17.9983,,0.98136,12.935,-0.23363,,-0.59838,-0.59138,-18.1142,,,,,-1.4579,164.6906,-5.81,,,,-1.8674,-1.3906,,,-1.8285,7.7307,-1.4748,,-6.4779,,,-0.25998,1.5012,0.49659,-1.4581,,,1.498,-1.0621,,,,-28.817,-115.953,,,,,1.8457,-200.837,-1.1354,,-15.155,,,,-1.998,0,,,,-0.87982,-61.0764,-23.7833,,25.5882,21.1145,23.0056,,-6.8105,-13.9745,-127.6556,0.2031,-221.5972,-4.5994,43.4552,-2.3799,,,1.2376,-4.7996,-0.3392,-2.7113,,,,,,-16.0729,0,,-0.50444,-0.80781,-0.49197,,,-0.84308,,,,-1.4165,-16.0462,,,3.1364,,,-8.2774,-2.7747,,0,,-0.51495,-48.2985,,-0.5777,-0.73971,,1.004,,,,,,-2.0933,-5.1005,,0.31646,,-1.5945,-2.6618,-23.3361,28.066,-8.983,4.0124,,10.7671,753.2604,0,,,,,,,,,21.3973,-0.32193,,,,-34.9231,-5.2661,-4.0641,,,81.1463,-73.1689,-31.928,-3.0036,,,,-29.5055,-43.5689,,-54.3949,1.9415,-1.5894,-31.9366,,-0.39486,,4.5396,-3.0113,-60.0645,,,,-0.9844,136.9718,-3.443,-77.3623,67.7086,-1.1836,,,14.8864,-2.1019,,,,-0.69933,-0.74571
1994,,-0.44883,,,,,,-5.6722,0.9009,,37.7719,-27.84,23.0122,,0.32266,-5.6679,,37.5943,-37.8015,,-0.42766,,,1.0759,,,0,-21.6757,,0.28909,14.7958,-0.24625,,-0.64938,-0.2701,-8.8776,,,,,-0.24013,353.8002,-5.6423,,,,-1.6699,-1.7821,,,-1.592,7.2222,-1.3166,,-4.1295,,,-0.32216,-0.77784,-1.9786,-1.537,,,3.4117,-1.1467,,,,-16.5933,-110.6541,,,,,1.1506,-191.5828,-1.1745,,-12.9335,,,,-1.8688,0,,,,-0.78663,-90.4487,-17.8234,,30.8933,19.877,30.2526,,-6.3072,-13.7061,-117.2701,0.59246,-240.2276,-4.6651,32.7619,-2.5076,,,3.2465,-4.5719,-0.409,-3.3784,,,,,,-12.9116,0,,-0.50453,-0.81528,0.47031,,,-1.0189,,,,-1.5598,-14.2798,,,2.0297,,,-7.5504,-2.8461,,0,,-0.51195,-43.8983,,-1.187,-0.71127,,2.0452,,,,,,-1.6063,-4.9148,,0.5521,,-1.6888,-2.9454,-21.0973,36.1744,-9.1252,4.0893,,16.5789,471.2379,0,,,,,,,,,20.3137,-0.18487,,,,-31.2842,-1.0684,-2.787,,,81.5911,-69.4758,-23.3292,-3.2732,,,,-26.2881,-43.8638,,-48.2503,0.72165,-1.7205,-23.2796,,-0.48949,,4.174,-1.3175,-42.6284,,,,-1.0137,145.2698,-4.1978,-75.3633,54.0275,-1.343,,,18.007,-1.8262,,,,-0.81114,0.0082929
1995,,-0.45744,,,,,,-3.0974,0.67953,,43.3615,-29.0346,10.1017,,0.41426,-5.3365,,25.992,-40.6849,,-0.47289,,,0.95104,,,0,-30.0631,,0.56,11.3621,-0.28036,,-0.52399,-0.24649,-4.2751,,,,,0.15632,367.6098,-7.4658,,,,-1.9301,-2.8815,,,-1.9679,8.0125,-1.175,,-6.5083,,,0.18554,1.123,-0.97594,-1.6256,,,2.3847,-1.1966,,,,-17.1745,-115.8862,,,,,0.015413,-200.2425,-1.2604,,-13.6844,,,,-2.0775,0,,,,-0.62084,-95.8108,-14.7641,,41.2248,17.8555,22.1208,,-6.3617,-15.0674,-114.0749,0.479,-259.278,-5.2309,38.6478,-2.7973,,,3.0922,-6.294,-0.47789,-3.5596,,,,,,-12.9219,0,,-0.50615,-0.87112,11.2189,,,-1.288,,,,-1.6209,5.7973,,,1.8907,,,-7.8269,-3.0964,,0,,-0.48078,-46.0441,,-2.3357,-0.6779,,7.5302,,,,,,-1.2734,-5.1497,,0.080487,,-1.6578,-3.3248,-20.9574,41.2472,-9.0889,3.7643,,20.2261,451.1246,0,,,,,,,,,19.9264,-0.32776,,,,-49.4505,-2.3706,-3.4739,,,90.8242,-68.0705,-21.7698,-3.4879,,,,-25.9624,-47.092,,-46.7854,1.6309,-1.6942,-18.196,,-0.53191,,4.5725,-1.607,-42.5598,,,,-1.0399,170.8086,-6.7551,-76.9233,54.3408,-1.4539,,,14.901,-1.9244,,,,-1.0395,-0.92535
1996,,-1.0086,,,,,,-3.1669,-0.28848,,43.8419,-33.6971,2.9203,,1.1898,-5.7171,,13.6221,-36.1238,,-0.51785,,,1.0797,,,0,-32.6761,,-0.09371,9.6133,-0.23417,,-0.73576,-0.13641,2.4439,,,,,-0.096898,383.4219,-6.5429,,,,-1.9022,-2.453,,,-2.8552,12.5999,0.29856,,1.8465,,,0.15426,2.1151,-3.5808,-1.6913,,,2.2836,-1.1667,,,,-10.7629,-102.0337,,,,,-3.7396,-164.3206,-2.199,,-9.898,,,,-2.2261,0,,,,-0.89962,-93.9788,-7.3232,,55.2466,23.8352,12.8106,,-12.6085,-15.028,-87.7069,2.3996,-240.1849,-1.1909,39.7175,-0.19092,,,6.7741,-3.1449,-0.45674,-5.0446,,,,,,-6.9823,0,,-0.18237,-1.112,9.515,,,-1.3249,,,,-2.0436,0.79629,,,0.45114,,,-4.0639,-1.7737,,0,,-0.46583,-34.6357,,-2.7582,-0.57788,,9.1105,,,,,,-1.1241,-5.5243,,0.26067,,-1.546,-3.1767,-19.0242,48.1268,-9.0122,3.9061,,27.5841,333.0024,0,,,,,,,,,18.5949,-0.98178,,,,-53.8092,-4.2136,-2.2613,,,99.231,-69.9599,-19.0126,-3.2155,,,,-27.5392,-64.1297,,-23.3825,-1.3234,-1.3319,-9.1246,,-0.41935,,5.4696,-0.57429,-11.1223,,,,-0.70203,63.6671,-6.058,-84.7133,73.7945,-1.9016,,,22.0633,-2.6339,,,,-1.2934,-1.6367
1997,,-0.68397,,,,,,-7.0724,-0.82601,,44.627,-27.9357,4.1742,,3.0676,-5.9862,,16.3046,-46.6744,,-0.68483,,,0.78112,,,0,-35.5653,,1.6605,9.2265,-0.28093,,-0.75499,-0.68488,-15.2729,,,,,0.9266,456.9759,-7.032,,,,-2.1643,-2.3865,,,-1.9394,12.2019,0.3398,,-1.9826,,,-0.3928,-0.3982,-1.4275,-1.8165,,,2.7206,-1.423,,,,-10.8229,-94.8118,,,,,-2.5276,-146.7769,-3.1378,,-6.4025,,,,-2.6808,0,,,,-1.3754,-106.9268,-8.2061,,53.9388,33.0055,1.266,,-10.408,-14.6768,-86.504,2.1263,-222.8323,-3.5356,38.9142,-1.1717,,,7.4277,0.23784,-0.40099,-4.9757,,,,,,-6.5076,0,,-0.25477,-1.0762,6.3983,,,-1.0683,,,,-1.9646,-14.4404,,,1.5399,,,-2.3124,-0.71112,,0,,-0.42131,-36.081,,-2.5669,-0.66657,,5.8563,,,,,,-1.2251,-4.0229,,0.31886,,-1.7059,-3.4416,-18.6674,45.0461,-16.1687,7.2442,,27.8574,304.2563,0,,,,,,,,,13.2237,-1.0938,,,,-55.1714,-3.1242,-2.3054,,,106.6107,-53.0505,-12.1062,-2.7894,,,,-27.871,-53.3233,,-28.9839,-0.95658,-1.4374,7.5914,,-0.49102,,5.0659,0.025533,-12.748,,,,-0.78338,63.5945,-7.4787,-107.8364,43.3813,-2.4876,,,13.6447,-0.091156,,,,-1.7203,-1.0576
1998,,-0.7822,,,,,,-8.3843,-0.61455,,38.4419,-31.6075,1.5491,,2.254,-5.9344,,-11.3636,-50.4699,,-0.89009,,,0.36773,,,0,-31.7956,,0.15991,7.2259,-0.86487,,-0.90642,-0.72226,-11.2122,,,,,1.275,404.724,-6.4339,,,,-2.8595,-1.4547,,,-3.3607,11.2618,-1.9418,,-4.3958,,,-1.6344,-1.6015,-4.7447,-2.409,,,-0.11168,-2.0127,,,,-12.1911,-96.188,,,,,-2.5965,-156.934,-2.6719,,-8.7978,,,,-3.4046,0,,,,-1.4314,-76.9218,-9.8948,,56.0468,90.7541,-2.2391,,-8.4444,-15.0382,-83.9138,-0.24805,-167.5878,-3.8514,30.9314,-3.055,,,-1.5599,-4.9266,-0.43242,-5.1366,,,,,,-6.2069,0,,-0.59396,-1.0374,30.4368,,,-2.2358,,,,-1.5722,-20.1996,,,1.2233,,,-4.0799,-1.6643,,0,,-1.8866,-40.2065,,-1.6588,-0.79394,,0.28004,,,,,,-1.7745,-0.32919,,0.53399,,-1.3336,-3.902,-12.0909,42.3438,-21.745,5.2675,,16.684,409.7647,0,,,,,,,,,-8.4165,-1.0018,,,,-49.0003,-4.6513,-2.9727,,,107.8358,17.1914,-17.3674,-3.3496,,,,-29.024,-72.2837,,-17.5417,-1.309,-1.7192,29.5858,,-0.61771,,4.6447,0.72652,-14.8628,,,,-1.3243,84.6017,-12.6426,-125.6774,-74.2805,-2.8588,,,6.689,0.58769,,,,-1.5725,0.57268
1999,,-0.80263,,,,,,-1.5309,-2.1387,,47.1758,-31.2634,1.9003,,8.6655,-5.1919,,-9.9422,-63.3356,,-0.54466,,,-0.46952,,,0,-5.8909,,1.5638,4.7815,-1.2933,,-0.83265,0.053819,2.1585,,,,,1.5471,384.6852,-0.71653,,,,-4.1784,-1.9467,,,-1.5829,6.3266,-0.32969,,-10.8189,,,-2.4254,0.31554,-6.0474,-2.3184,,,-3.851,-1.9565,,,,-15.3406,-101.2649,,,,,-1.8069,-194.5956,-3.9822,,-5.6191,,,,-3.2759,0,,,,-2.0336,-63.5426,-10.3059,,44.9025,44.6026,49.8285,,-13.0049,-9.1315,-95.2919,0.28861,-223.1548,-3.0563,21.539,-1.1514,,,10.7109,-1.1804,-0.37856,-4.6117,,,,,,-6.4076,-0.53819,,-0.7707,-0.99986,10.3854,,,-1.6284,,,,-1.4032,-23.6463,,,0.86793,,,-6.2414,-2.7779,,0,,-3.0862,23.7259,,-2.7267,-0.89938,,21.7035,,,,,,2.7755,-7.6999,,-0.18357,,-1.4821,-3.8117,-17.8652,20.1544,-31.1295,18.0696,,9.5394,482.903,0,,,,,,,,,44.382,-0.89512,,,,-54.3659,-2.2282,-2.7125,,,81.6802,-25.9593,-17.9174,-5.5711,,,,-26.295,-62.0146,,-18.5669,-0.86199,-1.9417,18.8705,,-0.040149,,8.7669,-0.56676,-21.2382,,,,-1.4067,60.7181,-2.5833,-118.7692,-185.5651,-3.3695,,,44.1788,4.7477,,,,-1.479,1.7031
2000,,-1.0553,,,,,,1.3909,-0.76768,,59.1344,-25.9035,5.8994,,8.1446,1.0286,,12.8139,-63.7894,,-0.92241,,,-0.25586,,,0.49489,-10.1238,,1.8511,3.0208,-0.36777,,-2.8408,-0.6321,-14.3075,,,,,-1.1574,386.8134,2.0758,,,,-2.5901,-1.984,,,-0.60157,6.716,-0.37844,,-11.342,,,6.7526,1.1072,6.3876,-2.6214,,,-4.8429,-0.34294,,,,-22.071,-113.1219,,,,,-1.6272,-184.8444,-2.6731,,-1.6607,,,,-13.2229,0.17679,,,,1.0798,-43.8376,-14.8132,,70.5868,41.2717,76.6158,,-9.2381,-9.1509,-103.7541,3.7037,-283.463,-2.5322,40.3216,-1.5596,,,21.6029,-1.6107,-1.5014,-7.6148,,,,,,-8.345,0.32679,,-0.75958,0.044998,11.0825,,,-2.1264,,,,-1.9261,-50.0641,,,0.38245,,,-5.2562,-3.0266,,0.068658,,0.34908,41.7371,,0.17008,-0.70275,,47.8301,,,,,,3.1236,-4.8821,,0.92962,,-1.831,-2.7548,-18.5754,17.4137,-45.3474,23.029,,3.275,482.8436,-0.17491,,,,,,,,,99.3151,-1.1004,,,,-86.1613,-5.0825,-4.0443,,,92.0108,-45.3201,-25.5262,-8.4332,,,,-31.0179,-45.8595,,-54.0375,-3.2157,-2.3815,16.0183,,0.41706,,14.1799,5.3936,-23.2056,,,,-1.486,63.7508,19.1483,-172.7861,-242.4078,-2.74,,,69.901,17.2894,,,,-1.9543,1.8336
2001,,-1.2686,,,,,,4.5612,-0.92945,,58.1959,-26.4347,3.198,,8.2703,1.6858,,14.7039,-63.4635,,-1.4069,,,-0.12809,,,0.65936,2.9711,,1.7655,3.5428,-0.52849,,-3.3324,-1.3563,-0.96869,,,,,-0.68682,369.9705,1.4656,,,,-2.435,-3.7078,,,-0.89751,5.0972,1.087,,-10.5298,,,-14.9863,-1.175,6.2814,-2.459,,,-3.0675,-0.16377,,,,-18.7612,-108.4526,,,,,-2.037,-165.2601,-2.6792,,-1.2239,,,,1.4589,0.29402,,,,1.4786,-39.5849,-16.7663,,77.7132,50.5617,75.6264,,-9.1509,-7.2369,-92.7842,3.4054,-262.3505,-4.1417,22.3264,-2.924,,,19.3578,-0.86196,-1.5059,-6.221,,,,,,-7.5089,0.59303,,-0.87341,0.050917,13.213,,,-2.097,,,,-1.572,-42.8749,,,0.31289,,,-4.7329,-3.2918,,0.063655,,-0.74667,49.6812,,0.76452,-0.66387,,29.4404,,,,,,0.65069,-5.1829,,1.7787,,-1.7782,-3.4779,-20.4566,18.0339,-48.4131,24.9104,,2.6927,403.1324,0.027545,,,,,,,,,90.9623,-0.89548,,,,-68.7848,-5.1126,-3.8432,,,98.7948,-30.1368,-24.6434,-8.8648,,,,-24.2506,-62.2216,,-25.5997,-3.1849,-2.4568,14.4159,,0.38834,,14.5485,6.0998,10.8095,,,,-1.4282,46.8635,4.1794,-146.7239,-269.2885,-2.5018,,,47.7419,19.3449,,,,-2.1042,1.1216
2002,,-1.3746,,,,,,42.7454,-1.3523,,44.2943,-23.1834,-1.5581,,7.5688,1.2506,,14.5754,-67.3107,,-1.1761,,,-0.39119,,,-0.36854,16.0652,,1.2505,2.882,-0.48567,,-4.9043,-2.282,-18.9821,,,,,-1.5179,452.293,0.23666,,,,-4.2931,-4.3075,,,-1.1924,-0.9689,2.1718,,-10.9967,,,-7.8713,-1.9708,7.2723,-2.2076,,,-4.4557,0.57821,,,,-16.5447,-105.3827,,,,,-2.0343,-128.4478,-1.809,,-4.6259,,,,1.4082,0.32106,,,,1.6135,-36.1633,-16.1019,,94.1539,32.8026,94.3855,,-12.0743,-8.8024,-98.8213,3.0328,-222.0903,-4.189,33.0215,-2.2558,,,14.4814,-0.72448,-1.5035,-6.0486,,,,,,-6.677,0.15505,,-0.80019,0.020143,8.3671,,,-2.3094,,,,-1.6331,-42.9426,,,0.40511,,,-5.9689,-3.1721,,0.23041,,-1.0809,44.6138,,0.20391,-0.57673,,18.8059,,,,,,3.4363,-8.4934,,1.0078,,-1.4085,-4.5348,-19.8731,21.2523,-44.6551,21.1521,,3.3279,387.8608,0.033322,,,,,,,,,104.4572,-0.79455,,,,-69.1379,-3.7391,-2.9659,,,102.3942,-49.3008,-27.609,-10.3036,,,,-25.3292,-54.2783,,-24.0023,-5.0192,-2.4388,10.8731,,0.18042,,13.825,5.7326,-1.6545,,,,-1.5108,44.7506,-11.8948,-173.0931,-348.3677,-1.8006,,,82.9316,22.3227,,,,-2.0965,-0.24914
2003,,-1.6274,,,,,,21.775,-0.50415,,34.9034,-23.5156,-3.4582,,11.4861,-0.93176,,14.4821,-78.5313,,-1.3404,,,0.77754,,,1.2275,20.5903,,0.21728,4.1805,-0.50871,,-4.0429,-0.74781,3.7245,,,,,1.1685,763.4441,-0.40288,,,,-2.6425,-2.0985,,,-1.0198,6.6696,-1.1303,,-6.9763,,,-4.1771,-1.7844,12.1764,-1.9997,,,-3.4442,0.7983,,,,-16.7898,-109.3348,,,,,-2.1069,-168.6512,-2.9118,,11.662,,,,1.3382,-1.0442,,,,1.3758,-39.7379,-19.6774,,78.394,22.9093,46.4388,,-26.5652,-14.6497,-96.3566,3.3468,-238.0308,-3.0235,51.2898,-2.7963,,,10.3298,0.14537,-0.78109,-6.8692,,,,,,-9.9517,-1.0732,,-1.1492,-0.066312,27.4277,,,-1.4903,,,,-1.6742,-17.38,,,-0.35849,,,-3.1954,-3.2892,,0.26544,,0.26801,-2.8391,,-1.4258,-0.6719,,17.1878,,,,1.6773,,0.18412,-2.9214,,6.4733,,-1.6675,-3.7658,-21.1855,34.2568,-47.7746,23.138,,6.2882,375.3609,0.0096546,,,,,,,,,33.1014,-1.0752,,,,-61.954,-1.5449,-2.6713,,,125.2862,-57.5424,-22.7287,-6.6757,,,,-30.6642,-50.7283,,-19.3469,-3.3845,-2.5166,12.6646,,0.57007,,15.5908,5.4953,-9.5978,,,,-1.2303,70.1507,-19.2876,-173.8779,-478.1948,-1.6527,,,48.0466,17.1976,,,,-1.8422,-0.84911
2004,,-1.3509,,,,,,23.6909,-0.54125,,38.4599,-26.8915,-8.0248,,12.9713,-0.89098,,16.4755,-89.8934,,-0.91948,,,1.1173,,,1.2399,25.0422,,0.31054,3.7736,-0.60984,,-5.5138,-0.48843,-4.5848,,,,,2.0812,901.4064,-2.3941,,,,-2.7264,-3.0294,,,-1.4886,12.8538,-0.12135,,-15.1881,,,-6.5679,-1.823,19.1538,-1.7305,,,-3.495,1.0392,,,,-16.4009,-128.9647,,,,,-3.1678,-167.6681,-3.0094,,15.5449,,,,1.706,0.070045,,,,1.5944,-40.7161,-19.4725,,90.3033,20.8426,52.2558,,-20.652,-17.8819,-107.66,3.7847,-250.6828,-3.3344,55.8651,-2.4634,,,12.4514,-0.83432,-1.0749,-6.2116,,,,,,-8.3134,-1.2906,,-1.0561,0.063755,35.4786,,,-1.454,,,,-2.0109,-34.5503,,,-0.00048816,,,-3.3888,-3.2878,,0.14278,,-1.7347,-8.6846,,-3.1494,-0.78604,,9.748,,,,-0.6836,,2.4042,-11.8159,,6.0147,,-1.8685,-2.6437,-21.4079,33.1073,-43.5952,24.2724,,4.5783,358.9306,-0.039204,,,,,,,,,50.2852,-0.99199,,,,-78.6736,-3.2161,-2.4539,,,126.4415,-61.7281,-32.6974,-7.8754,,,,-30.9368,-53.9763,,-48.8059,-2.8852,-2.6629,10.5585,,0.60258,,16.3052,6.4539,-33.4674,,,,-1.3638,84.236,-20.8863,-183.6134,-503.6328,-1.9051,,,46.6616,20.3626,,,,-2.0463,-0.3123
2005,,-1.5712,,,,,,20.8761,-1.3972,,42.011,-27.7239,-0.99056,,15.8424,-1.1777,,16.3011,-100.7097,,-1.2684,,,1.6443,,,1.4433,14.4551,,0.34337,2.0708,-0.5675,,-7.0697,-0.8505,-34.8666,,,,,0.018735,1163.7786,-3.3716,,,,-2.7804,-2.5504,,,-1.7067,15.3181,-0.098408,,-15.3622,,,-14.5472,-2.3759,18.7117,-1.9426,,,-2.2569,0.88545,,,,-23.7447,-135.7857,,,,,-3.7806,-182.9083,-4.1577,,20.2187,,,,1.9456,0.07723,,,,1.4786,-44.4018,-18.0034,,90.6376,19.4303,64.8325,,-24.6915,-17.6081,-116.5798,3.4461,-251.3723,-4.0828,57.8827,-3.1086,,,8.5441,-1.8729,-0.97291,-5.6064,,,,,,-7.5748,-2.3471,,-1.2404,0.062709,32.6741,,,-0.64539,,,,-1.2151,-30.9054,,,-0.21004,,,-2.5373,-3.7941,,0.14822,,-1.6305,-38.5461,,-4.3342,-0.8755,,7.4722,,,,-0.84711,,4.9827,-12.3852,,8.7258,,-1.9984,-2.6151,-20.9978,33.2836,-59.0762,20.8192,,0.97339,363.9596,0.012776,,,,,,,,,55.1573,-1.2472,,,,-89.9689,0.039602,-2.055,,,116.9909,-83.1937,-42.9824,-8.4115,,,,-37.5304,-62.7408,,-36.0952,-3.998,-3.5154,4.5683,,0.49214,,23.1414,6.9735,-39.0122,,,,-1.5452,62.4614,-30.4568,-177.0718,-589.9982,-1.8484,,,52.0588,22.5329,,,,-1.8025,-0.23254
2006,,-1.8312,,,,,,23.3547,-0.72492,,36.2078,-33.4436,-2.4638,,15.2053,0.1271,,14.8376,-102.2902,,-2.3763,,,1.3553,,,1.8114,9.6346,,1.0433,0.9167,-0.63623,,-7.5357,-0.75866,-7.7703,,,,,-0.3295,1358.414,-6.2825,,,,-3.5668,-4.8016,,,-1.7165,11.0825,-1.1638,,-13.1761,,,-14.2362,-4.3429,20.5822,-2.4233,,,-4.7559,0.81064,,,,-21.3989,-144.7512,,,,,-2.9203,-162.4333,-4.3079,,16.3294,,,,0.97997,0.10991,,,,1.3109,-45.4193,-19.2621,,113.3547,17.0658,63.9921,,-24.7261,-19.057,-144.0642,4.0118,-247.3201,-3.9311,58.2705,-3.7024,,,12.0564,-3.2035,-1.2467,-6.9093,,,,,,-8.9669,-2.9987,,-1.1207,-0.027625,31.5654,,,-1.1958,,,,-1.2354,-33.7011,,,-0.29534,,,-3.2948,-4.1153,,0.21722,,-1.8613,-58.0538,,-2.5207,-1.2495,,16.2009,,,,-5.9653,,4.7223,-13.4331,,7.795,,-2.0538,-4.1441,-17.3487,19.2002,-49.8972,28.0375,,-1.2484,380.9326,0.0029002,,,,,,,,,45.8758,-1.4768,,,,-100.6971,-2.4943,-3.7673,,,113.3142,-104.1359,-56.8504,-9.0245,,,,-38.9218,-72.341,,-30.7072,-4.6394,-2.8855,8.0946,,-2.2246,,29.4697,6.8849,-45.336,,,,-1.676,66.7655,-49.9513,-183.5318,-654.1415,-1.7174,,,58.9484,23.2719,,,,-2.3693,-0.8949
2007,,-2.0371,,,,,,17.4649,-5.0139,,31.6538,-31.3628,-0.78896,,15.262,0.34111,,10.8638,-114.3939,,-2.4066,,,1.2262,,,1.5035,-2.2995,,1.0057,1.6847,-0.63065,,-7.3563,-0.039169,-6.3805,,,,,0.01054,1436.4649,-11.117,,,,-4.0324,-4.8607,,,-2.2484,6.5899,-1.5652,,-15.4388,,,-8.1343,-4.0631,16.1758,-2.2717,,,-1.3031,1.0116,,,,-21.9944,-154.3816,,,,,-3.8002,-191.668,-4.5016,,17.4767,,,,1.2194,0.10762,,,,1.4316,-42.8293,-23.6813,,95.172,18.92,15.82,,-25.1794,-18.865,-137.2142,3.1877,-220.2633,-4.4956,52.5891,-4.4324,,,9.2513,-3.0932,-1.3689,-9.1002,,,,,,-8.8914,-0.57104,,-1.1717,0.074644,26.258,,,-2.0252,,,,-1.0743,-27.9827,,,-0.29955,,,-5.319,-4.9393,,-0.23639,,-2.2191,-26.4576,,-3.7857,-1.5765,,0.056718,,,,-9.4146,,4.3051,-12.5867,,6.7855,,-2.7535,-5.2725,-19.9686,10.8278,-53.1186,22.1925,,-4.4071,310.149,-0.011169,,,,,,,,,30.5817,-1.8417,,,,-91.4837,-7.5525,-5.5049,,,124.85,-111.8903,-60.9872,-7.2687,,,,-38.8517,-64.1642,,-10.1598,-2.0582,-3.4984,11.3982,,0.20389,,26.3172,8.2094,-49.6773,,,,-1.8153,43.8198,-56.4363,-190.2269,-507.2098,-2.8228,,,48.3391,20.95,,,,-3.3931,-1.1975
2008,,-2.152,,,,,,14.568,-0.9576,,41.8889,-30.2811,-0.93077,,16.1645,0.63986,,10.7335,-114.3653,,-3.6185,,,0.89132,,,1.1648,-30.5236,,1.4743,-0.98101,-0.50787,,-8.6806,-0.41389,-7.1194,,,,,-9.8869,1532.0799,-9.7838,,,,-4.619,-10.1664,,,-3.1084,-1.3079,-1.5149,,-17.1933,,,-6.8429,-5.3272,14.8152,-2.4554,,,0.31875,1.0795,,,,-24.0975,-154.8048,,,,,-4.0087,-184.4723,-5.5763,,13.6648,,,,0.8464,0.047609,,,,-5.4026,-42.2934,-26.2251,,108.2122,-1.7752,12.8063,,-18.1105,-23.12,-136.9521,3.7588,-268.8389,-7.9981,67.8658,-4.8923,,,12.7107,-8.7882,-1.6614,-8.0385,,,,,,-7.63,-4.6995,,-2.4195,0.067281,29.1189,,,-3.2094,,,,-1.5565,-36.7486,,,-1.1623,,,-8.6078,-6.0761,,-0.47937,,-2.7893,-45.776,,-2.9528,-1.2836,,-1.9188,,,,-6.0711,,2.842,-13.8403,,7.2502,,-3.8869,-10.5479,-22.6584,0.30786,-55.0293,22.9838,,-8.9869,315.463,-0.026709,,,,,,,,,31.8292,-2.4205,,,,-147.1116,-10.4457,-5.0931,,,154.5479,-106.8838,-57.5009,-8.595,,,,-39.2376,-62.0289,,-17.1601,-3.5612,-5.6072,1.9203,,0.26078,,25.8775,8.8192,-39.8753,,,,-2.0066,26.771,-66.5561,-171.1664,-397.9346,-2.8903,,,49.0252,22.6001,,,,-3.9445,-2.6534
2009,,-2.5092,,,,,,20.4922,-1.5264,,13.0495,-28.015,-2.9024,,11.019,0.45084,,4.1474,-92.7932,,-2.2489,,,0.97795,,,0.011857,-24.0028,,1.2998,0.80827,-1.1136,,-6.4301,-1.1786,-31.355,,,,,1.3367,1169.9847,-6.5399,,,,-2.6758,-3.8652,,,-0.25231,0.81833,-1.4889,,-13.414,,,-35.646,-3.5728,7.4054,-1.5724,,,0.34446,0.84592,,,,-13.9081,-134.2063,,,,,-1.5052,-183.657,-4.9538,,-2.0604,,,,1.3814,-1.1628,,,,1.0605,-30.3478,-17.8142,,87.0495,3.8378,21.7968,,-10.811,-16.5716,-140.756,2.4268,-230.8632,-8.9827,70.691,-4.736,,,11.8761,-6.3693,-2.1998,-4.5655,,,,,,-8.3855,1.1919,,-1.7965,0.10837,35.0159,,,-2.1082,,,,-1.1451,-29.9145,,,-0.41799,,,-6.2969,-6.1036,,-0.23023,,0.45661,-23.3743,,-0.98277,-1.0781,,-8.4029,,,,-8.0689,,0.29491,-11.715,,7.3412,,-2.5705,-6.3017,-17.0292,5.6926,-38.3832,17.8871,,-4.5852,258.1854,0.0077366,,,,,,,,,3.9424,-1.0286,,,,-61.7198,-11.0111,-3.1633,,,131.3107,-37.0897,-49.1543,-6.1574,,,,-30.0612,-60.2745,,10.0124,-3.4041,-4.1289,6.0083,,0.511,,19.6659,6.4845,-8.5548,,,,-2.4399,26.4072,-36.3216,-131.1233,-295.8204,-2.2303,,,21.5811,24.0579,,,,-2.4158,-1.4029
2010,,-1.8308,,,,,,14.1092,-1.0413,,10.2884,-29.1058,-2.8114,,10.8827,1.0701,,0.68928,-101.6159,,-2.5139,,,1.6741,,,-5.5426,-44.5217,,1.4541,2.8613,-1.1507,,-9.6092,-1.2507,-51.3883,,,,,-2.6557,1283.4931,-8.962,,,,-3.5984,-3.1462,,,-0.53466,-3.1589,-1.8691,,-13.1788,,,-51.1058,-3.7874,1.3222,-1.5803,,,1.724,1.3174,,,,-18.5587,-126.8761,,,,,-1.7849,-192.5282,-5.1178,,5.1115,,,,0.77195,-1.8319,,,,1.3058,-39.8514,-20.0612,,99.8072,0.16232,73.2455,,-8.4327,-17.3556,-167.7567,2.1108,-230.7275,-6.6504,109.9118,-4.7232,,,12.2803,-5.0026,0.74852,-4.803,,,,,,-6.8414,0.41987,,-1.332,0.063049,20.8673,,,-3.2994,,,,-0.97449,-45.1137,,,-0.90586,,,-4.9498,-5.6094,,-4.3115,,0.39204,-39.7666,,-1.5131,-0.8823,,12.8883,,,,-9.5124,,5.796,-11.9264,,7.8932,,-3.7046,-10.1506,-19.3507,4.5074,-42.9556,29.3444,,-8.4676,270.7851,-0.032912,,,,,,,,,11.3547,-0.51949,,,,-64.3224,-12.7362,-3.4897,,,125.8747,-56.5636,-45.2611,-9.0221,,,,-33.059,-55.7282,,-20.4861,-5.3109,-4.1425,-6.0666,,0.62115,,22.2388,7.611,-36.8496,,,,-2.4302,45.9729,-23.5545,-160.9817,-282.1855,-3.6441,,,50.0559,30.0857,,,,-2.0563,-0.50931
2011,,-1.8268,,,,,,0.002965,-0.30603,,9.406,-33.1688,-2.2361,,15.8856,2.2392,,10.2739,-115.0919,,-4.4978,,,1.3878,,,-8.5727,-56.7305,,0.76144,6.1945,-0.6852,,-15.6062,-1.1554,-36.5541,,,,,-6.8437,1392.4632,-11.7645,,,,-4.9296,-2.6105,,,-0.53934,-0.59307,-1.3496,,-15.6654,,,-30.4738,-4.7702,3.74,-1.8644,,,-0.58663,1.885,,,,-14.1017,-147.3711,,,,,-2.3525,-175.2837,-7.1849,,11.744,,,,1.6698,-2.0866,,,,1.9972,-54.2145,-19.0506,,134.8968,-4.3714,80.4708,,-10.0388,-19.2534,-157.6859,2.3693,-261.6076,-8.6859,112.8619,-5.7992,,,11.9042,-5.2549,0.94247,-5.6611,,,,,,-9.6322,-1.0787,,-1.4044,0.071579,11.6076,,,-5.5487,,,,-1.0749,-61.3189,,,-1.9357,,,-8.127,-7.7215,,-4.2553,,0.38993,-41.8914,,-2.6306,-0.67534,,25.3404,,,,-6.2482,,8.2631,-14.0726,,9.7316,,-4.7477,-12.6137,-25.8812,8.0803,-11.279,46.7363,,-3.6769,261.1,-0.06367,,,,,,,,,11.3846,-1.3828,,,,-166.7883,-11.0787,-5.0278,,,129.6647,-51.853,-37.2535,-14.7732,,,,-35.1268,-62.8017,,-26.4229,-5.3069,-6.4055,-8.4701,,0.60576,,28.4329,7.4604,-44.0611,,,,-2.7548,39.6436,-25.973,-139.4923,-269.3491,-4.1189,,,48.4093,37.3589,,,,-3.358,-0.073083
2012,,-1.9925,,,,,,1.6052,-0.76963,,4.7923,-32.3573,-3.0136,,14.7636,-0.84156,,-1.1011,-106.7272,,-2.8423,,,1.2962,,,-6.8483,-55.3058,,0.4485,4.4939,-0.66815,,-14.678,-2.2819,-12.8175,,,,,-9.7015,1280.3884,-14.215,,,,-4.9056,-4.4395,,,-0.85837,0.46329,-2.6836,,-13.0336,,,-36.3918,-5.1288,-7.5362,-1.4587,,,0.15322,0.60795,,,,-16.6459,-123.6662,,,,,-2.7214,-104.3042,-9.641,,16.1214,,,,1.9451,-2.1357,,,,2.2357,-65.1089,-14.951,,134.488,-21.5922,45.5448,,-8.721,-13.7744,-125.1226,2.2874,-277.6984,-10.3054,116.9639,-7.6446,,,22.3389,-8.0066,0.78986,-5.7933,,,,,,-7.1773,-1.1689,,-1.3166,-0.0087126,3.1709,,,-5.1835,,,,-1.1009,-53.2752,,,-1.6756,,,-7.2011,-6.7597,,-5.7943,,0.40319,-23.2134,,-2.834,-1.141,,35.8613,,,,-3.6173,,8.7314,-16.4105,,11.9719,,-4.1474,-12.5843,-29.9046,1.3907,-2.1385,48.7746,,-2.2244,229.6534,-0.11186,,,,,,,,,26.7296,-2.7116,,,,-196.5891,-7.4147,-3.1327,,,104.3845,-28.0818,-17.3883,-13.6741,,,,-30.9124,-106.3527,,-7.5949,-3.6883,-5.9387,1.0424,,0.079885,,30.137,8.0189,-41.1665,,,,-2.3618,31.5229,-24.0111,-144.8708,-305.1044,-4.1968,,,87.2547,33.9652,,,,-3.0484,-0.62929
2013,,-1.2894,,,,,,-8.8823,-0.51145,,18.8572,-27.1166,-2.9567,,18.4831,1.0322,,-2.243,-107.1633,,-3.1467,,,0.62219,,,-6.3888,-58.8305,,-0.93599,4.4753,-0.82862,,-17.5787,-1.7941,-8.487,,,,,-8.6372,1231.8441,-13.1278,,,,-4.5092,-5.1243,,,0.10997,-2.1811,-2.8209,,-10.6061,,,-26.7069,-5.9281,-2.1083,-1.7846,,,2.4626,1.528,,,,-14.8141,-108.4914,,,,,-2.4538,-96.3748,-7.7475,,17.7992,,,,2.0796,0.055603,,,,-8.1366,-77.4405,-17.0083,,214.4536,-23.2312,92.9297,,-9.3759,-16.6215,-121.813,2.4879,-215.2652,-11.5563,101.1131,-9.7777,,,7.3443,-7.3564,0.91575,-5.3735,,,,,,-7.9232,-1.2684,,-1.543,0.12077,3.2058,,,-4.0532,,,,-1.0476,-66.6271,,,0.011648,,,-7.0329,-9.8609,,-6.3575,,0.32349,-24.3192,,-4.0541,-1.1507,,6.0941,,,,-3.9326,,8.397,-13.6599,,11.8038,,-4.6629,-14.4564,-33.0839,10.879,-1.6877,36.0296,,-0.58522,207.7493,0.011596,,,,,,,,,14.955,-1.9935,,,,-209.1335,-7.6405,-2.9341,,,110.6862,-22.37,-24.1084,-15.55,,,,-28.9985,-97.3432,,-14.1963,-9.0559,-8.3293,-2.9548,,0.14448,,30.0459,7.6606,-38.8142,,,,-2.3097,24.1308,-28.282,-137.7753,-257.6484,-4.9161,,,91.8242,36.2242,,,,-3.1712,-0.50097
2014,,-0.51125,,,,,,3.2133,-0.2133,,13.1731,-31.0952,-3.0052,,16.4846,-37.2767,,0.64325,-114.8397,,-2.8551,,,0.28917,,,-6.7287,-54.5184,,0.14327,6.3412,-0.88723,,-15.2769,-1.8672,8.3068,,,,,-5.9209,1183.6754,-15.8406,,,,-4.3078,-1.4644,,,-0.1048,1.5618,-3.3832,,-13.4123,,,-14.5535,-5.5154,-13.3226,-1.8068,,,1.4882,1.3937,,,,-13.8431,-107.7196,,,,,-2.3781,-112.1731,-7.7417,,18.5961,,,,2.4262,0.10271,,,,2.1674,-67.4322,-14.1271,,191.6387,-21.7276,87.7907,,-10.4608,-21.3459,-122.0945,1.6588,-177.8999,-9.4839,118.8301,-13.2771,,,0.64065,-7.6662,0.92753,-4.6982,,,,,,-8.3762,-1.4993,,-1.8104,0.091952,6.3816,,,-5.1837,,,,-1.1448,-69.8204,,,0.45037,,,-6.1555,-10.0145,,-7.8127,,0.64265,-12.7027,,-3.5913,-1.6766,,7.7221,,,,-3.0586,,6.3319,-16.4845,,10.6855,,-4.6194,-12.2734,-34.3587,8.1498,-1.0204,34.5393,,-2.5059,244.7165,-0.088845,,,,,,,,,-1.6326,-2.6921,,,,-136.9922,-5.8899,-3.9954,,,124.327,-43.2068,-26.8949,-14.6634,,,,-29.736,-97.6993,,-14.0198,-15.4476,-8.5997,19.5492,,-0.059804,,26.3362,7.4245,-33.9722,,,,-2.439,35.2986,-31.9926,-154.9986,-306.1774,-4.6843,,,26.0579,47.0734,,,,-3.7493,-0.8009
2015,,-1.2014,,,,,,-8.1515,-0.4206,,20.1592,-22.7605,-2.5394,,14.4548,0.38386,,-1.1827,-106.4895,,-2.4812,,,-0.4756,,,-7.3554,-18.6955,,-0.60022,7.6285,-0.77567,,-18.2554,-1.3281,27.796,,,,,-4.9241,1003.0598,-12.5008,,,,-4.6478,-3.6757,,,0.30084,0.5114,-3.6154,,-14.015,,,-12.2879,-5.8659,-22.069,-1.9102,,,-2.1894,1.261,,,,-10.945,-90.9178,,,,,-1.9991,-94.1752,-7.4334,,18.6755,,,,2.5214,0.040078,,,,2.214,-47.7877,-12.6081,,140.3746,-5.4403,38.7603,,-7.7932,-17.6284,-92.5138,1.5431,-133.2311,-9.592,82.7764,-10.6793,,,-2.3444,-5.8183,1.8915,-4.7005,,,,,,-7.3459,-1.6545,,-1.6031,0.093602,9.2004,,,-6.717,,,,-0.81961,-63.8184,,,-0.22543,,,-5.1004,-8.5516,,-7.1809,,0.58486,-4.4274,,-2.7229,-1.9716,,-6.2306,,,,-4.4409,,2.6396,-22.8551,,9.501,,-3.8713,-12.4641,-31.2555,1.7164,0.30755,23.8507,,-1.5291,316.1242,-0.10862,,,,,,,,,-27.9521,-2.1976,,,,-110.3931,-5.7699,-3.9272,,,111.5209,-32.5015,-10.8689,-14.8835,,,,-27.8977,-102.8554,,1.5456,-3.6204,-8.739,23.8921,,-0.25123,,21.5209,7.5316,-26.9522,,,,-2.2232,38.923,-22.7182,-163.2532,-411.4481,-4.0087,,,77.6864,57.4109,,,,-3.1703,-1.1999
2016,,-1.1913,,,,,,2.7335,-0.31344,,38.8183,-25.0085,-0.81503,,13.7196,-36.0734,,-0.56542,-108.1816,,-1.4969,,,-0.38805,,,-6.9137,5.0487,,0.56305,5.8432,-0.58618,,-15.4474,-1.5838,37.4166,,,,,-3.5996,902.0204,-10.6485,,,,-4.3267,-4.4879,,,0.52844,1.0574,-3.1893,,-12.5603,,,-5.6732,-3.6145,-20.3334,-1.8709,,,0.8844,1.2989,,,,-9.8481,-95.3413,,,,,-1.5551,-108.5028,-6.0282,,13.9945,,,,2.6802,-2.3504,,,,2.0412,-40.5284,-13.4059,,170.1335,-9.5593,82.4452,,-8.6831,-19.6082,-82.3395,1.2044,-125.9805,-6.9588,98.3706,-9.3407,,,2.5007,-7.4064,3.716,-4.8059,,,,,,-8.2377,-0.72543,,-1.4806,-0.035912,12.7176,,,-7.8039,,,,-0.92466,-52.8352,,,1.826,,,-7.1362,-7.4228,,-7.1833,,0.64958,-3.7851,,-3.9729,-2.0041,,-0.20102,,,,-4.4179,,-1.364,-25.3958,,8.2047,,-3.4552,-9.4959,-34.0246,14.6434,-4.135,16.0476,,-4.169,270.3362,-0.073002,,,,,,,,,-7.0384,-2.8845,,,,-98.9536,-5.6841,-3.8311,,,122.9063,-17.59,-13.7667,-15.5244,,,,-27.7794,-121.8385,,1.125,-7.6584,-5.7023,29.5455,,-0.10453,,11.5444,7.3893,-12.282,,,,-2.155,54.1127,-22.9671,-171.0511,-407.1028,-3.2406,,,81.8856,59.4812,,,,-1.7608,-1.2044
2017,,-0.66279,,,,,,-3.8659,-0.25986,,36.2542,-22.1821,0.34937,,13.6327,-39.5024,,-0.49025,-101.8034,,-1.2482,,,-0.34283,,,-4.3521,-1.0798,,0.89318,6.4319,-0.46135,,-15.5297,-1.6497,41.1996,,,,,-4.2456,871.3522,-10.2775,,,,-4.2375,-3.1576,,,-0.30057,-2.923,-3.1579,,-14.5443,,,-6.4929,-5.5075,3.5997,-1.84,,,1.8447,-4.6972,,,,-10.8104,-90.5557,,,,,-1.1236,-112.216,-6.8072,,17.8936,,,,2.0914,-1.9192,,,,2.1252,-43.8,-15.9942,,145.0181,-7.1224,93.1013,,-10.8057,-18.8925,-92.7377,1.5257,-119.7209,-5.7221,105.6904,-8.5415,,,3.8156,-7.2337,-1.2282,-7.0365,,,,,,-8.9232,-0.44712,,-1.5845,0.090336,16.7319,,,-7.1928,,,,-1.0805,-54.321,,,3.6799,,,-5.5019,-5.77,,-5.1822,,0.80177,-5.998,,-2.8023,-1.7535,,5.4897,,,,-5.6911,,-1.6048,-24.1539,,-7.828,,-4.0002,-8.6341,-32.6312,14.9189,-2.9435,27.3568,,-5.2993,266.0777,-0.52485,,,,,,,,,3.851,-2.8566,,,,-104.8144,-4.7049,-5.1815,,,112.9723,-34.6562,-19.8164,-14.3106,,,,-29.8174,-89.7839,,-2.8292,-7.8336,-4.8642,24.5466,,0.019654,,15.3721,8.0814,-9.8035,,,,-2.2839,41.9439,-27.7011,-156.1559,-420.2749,-3.8106,,,73.8357,68.8763,,,,-1.2668,-0.13831
2018,,-1.0482,,,,,,2.9689,-1.2652,,50.331,-24.736,-0.77814,,12.9149,-43.3156,,-1.2695,-108.1208,,-0.99785,,,-0.10277,,,-4.0656,-0.25752,,-0.032827,2.8757,-0.58682,,-18.0155,-0.71965,50.3444,,,,,-7.7279,737.899,-10.8412,,,,-4.6815,-6.5424,,,-0.46484,-6.8485,-4.5258,,-15.5665,,,-5.9952,-6.605,2.5212,-2.4727,,,-0.16886,-3.5515,,,,-12.1359,-104.8378,,,,,-2.4311,-126.4956,-4.9634,,13.7647,,,,-4.5575,-2.0608,,,,1.8941,-42.627,-17.4523,,161.1776,-11.1446,105.1459,,-11.7146,-22.0002,-101.3349,0.75459,-136.613,-6.1691,135.3493,-8.7767,,,2.7471,-8.5122,-1.0025,-8.2397,,,,,,-9.4834,-0.033836,,-1.3341,-0.92791,15.3014,,,-8.7991,,,,-1.2296,-55.7075,,,4.3286,,,-5.8681,-5.754,,-4.6267,,-12.0579,-11.0773,,-3.2047,-1.6885,,6.478,,,,-5.089,,2.0535,-22.2289,,-7.3638,,-4.2217,-9.2689,-33.955,4.1987,-4.4629,26.9591,,-8.2769,350.0608,-0.64036,,,,,,,,,18.7337,-3.5075,,,,-109.899,-5.9669,-6.6178,,,110.8619,-51.135,-28.2823,-15.5398,,,,-30.8283,-88.0165,,-7.1226,-4.1955,-5.3347,15.3103,,-5.8209,,17.1777,1.77,-3.5418,,,,-2.2149,20.4106,-37.1738,-150.842,-426.2651,-3.9716,,,146.9554,81.1299,,,,-0.8307,0.2523
2019,,-1.0065,,,,,,11.4569,-0.69595,,52.5387,-21.4705,-0.28383,,16.1426,-45.1646,,-0.87756,-101.9979,,-0.95064,,,-0.25774,,,-5.0264,-3.3246,,0.66911,2.5937,-0.53344,,-19.6557,-0.61269,59.4415,,,,,-5.5852,782.5375,-8.9241,,,,-4.6082,-5.6536,,,-0.20965,-7.8503,-4.3934,,-15.6276,,,-5.1492,-6.5746,3.197,-1.9322,,,-2.3465,-3.4533,,,,-10.8443,-99.7997,,,,,-1.1812,-131.5964,-4.0555,,12.6176,,,,-4.371,-1.9905,,,,2.1367,-43.6533,-16.112,,160.1708,-10.7511,82.2235,,-12.898,-21.3882,-95.0529,1.3273,-144.7995,-5.6117,113.6354,-8.7456,,,1.3531,-8.2319,-1.9266,-7.7347,,,,,,-8.076,0.43492,,-1.3091,-0.95631,21.7749,,,-8.174,,,,-1.24,-50.1212,,,5.2314,,,-3.5936,-6.1598,,-4.837,,-11.7386,-14.5717,,-2.7731,-1.4887,,9.6407,,,,-6.1458,,2.2988,-20.7412,,-4.3487,,-4.4143,-8.9783,-33.4996,5.0934,-4.7965,26.6722,,-8.4337,316.5487,-0.63767,,,,,,,,,13.7644,-2.6496,,,,-111.5438,-6.4525,-6.5581,,,120.1961,-62.1222,-31.6046,-15.314,,,,-28.155,-84.9955,,-16.2414,-3.8665,-4.7558,8.9353,,-5.7793,,14.8654,1.9829,7.0393,,,,-2.2258,16.1081,-20.9029,-146.7057,-436.63,-3.9775,,,99.6373,113.0642,,,,-1.1067,0.026751
2020,,-1.0578,,,,,,8.2766,-0.69507,,44.0498,-18.7564,-1.6985,,15.6712,-44.9081,,0.68086,-87.2263,,-1.2658,,,-1.1245,,,-5.342,15.721,,0.73651,0.69742,-0.31176,,-19.9475,-0.80883,46.3178,,,,,-2.8358,932.8694,-9.0615,,,,-4.0118,-5.6781,,,0.61455,-7.9586,-3.5655,,-14.1373,,,-4.7991,-5.7746,-5.7447,-2.0168,,,-3.2246,-3.4244,,,,-10.3456,-94.7038,,,,,-2.3525,-122.5656,-3.2487,,3.3765,,,,-4.0117,-1.5253,,,,1.6388,-48.3129,-13.4318,,173.7352,-15.485,66.4969,,-8.7226,-17.6323,-83.3925,-0.22744,-145.3263,-6.7017,83.5349,-8.1151,,,-2.5254,-7.716,-2.0311,-6.6994,,,,,,-6.4714,0.10075,,-1.4581,-1.0266,17.3505,,,-6.8271,,,,-1.4649,-33.7092,,,3.5213,,,-2.7375,-6.0575,,-4.7208,,-10.8942,-13.8806,,-4.7542,-1.1988,,-2.6769,,,,-5.8399,,1.1447,-17.2574,,-8.6432,,-4.213,-9.8348,-33.9076,12.0229,-5.8171,26.0078,,-6.8521,266.1356,-0.57899,,,,,,,,,-6.1907,-3.22,,,,-95.5575,-5.9955,-5.9431,,,118.419,-60.5396,-37.5321,-15.6332,,,,-24.5996,-72.3619,,-9.7999,-3.2615,-4.9324,-0.16832,,-4.6977,,9.3452,1.1997,13.694,,,,-2.0503,17.8804,0.88021,-131.1879,-472.2345,-3.6855,,,18.4489,122.4909,,,,0.63387,-0.61238
2021,,-0.98371,,,,,,11.9498,-0.59659,,46.9835,-22.2318,-0.66042,,18.5103,-49.21,,-0.21862,-103.3114,,-1.5275,,,-0.45187,,,-5.3605,32.3721,,1.7487,1.9145,-0.25166,,-19.5211,-1.142,38.311,,,,,-7.279,1047.3014,-9.3665,,,,-4.4224,-5.728,,,0.49095,-12.4011,-3.9292,,-17.2884,,,-4.9115,-6.3508,-16.2987,-2.1055,,,-3.4307,-4.0507,,,,-13.6058,-107.4912,,,,,-2.7808,-149.6039,-4.4684,,6.1736,,,,-4.4035,-2.0759,,,,1.7999,-55.9942,-17.3216,,224.1707,-8.3269,83.4378,,-9.1557,-22.5649,-97.4423,-0.060551,-161.0097,-7.7939,90.9405,-9.4568,,,-1.3053,-8.2676,-0.33357,-7.9063,,,,,,-8.3166,-0.37305,,-1.5845,-1.1428,16.7594,,,-8.517,,,,-1.7109,-48.1997,,,3.6016,,,-3.7829,-6.331,,-5.3998,,-13.7048,-21.7224,,-6.5352,-1.397,,-0.10346,,,,-3.4979,,3.7916,-21.607,,-7.1701,,-5.1172,-9.2273,-40.5307,13.5168,-8.7467,33.7597,,-8.7171,341.7791,-0.66493,,,,,,,,,13.2154,-3.2921,,,,-109.736,-6.1477,-7.624,,,127.3051,-72.6746,-43.6988,-17.6327,,,,-29.1618,-82.2115,,-9.3859,-3.4886,-5.7808,-10.2755,,-5.5793,,15.4582,1.4315,31.7559,,,,-2.3036,13.8381,-15.1413,-160.3201,-537.5908,-4.0422,,,21.3745,110.376,,,,0.3565,-0.53874
2022,,-0.84099,,,,,,8.8871,-0.029906,,45.3433,-23.9652,2.2356,,19.9825,-50.5777,,-2.1652,-113.023,,-1.6739,,,0.10294,,,-5.0743,25.443,,1.8199,5.0031,-0.5415,,-18.8982,-0.85376,48.6562,,,,,-7.2948,1040.8099,-6.3066,,,,-4.4006,-5.4193,,,0.17171,-13.4137,-4.3242,,-16.9813,,,-5.9019,-6.3984,-4.6391,-2.1013,,,-2.533,-4.3295,,,,-13.6393,-114.7508,,,,,-1.7815,-161.2304,-4.3438,,9.4058,,,,-4.8617,-2.22,,,,1.96,-63.2158,-17.9593,,264.1799,23.3602,103.6263,,-10.7059,-22.8238,-99.9572,-0.082762,-163.7522,-7.6757,116.2386,-10.2203,,,0.19116,-8.9828,-0.85167,-8.0138,,,,,,-8.8987,-1.4992,,-1.5573,-1.197,20.404,,,-8.7863,,,,-1.6029,-51.514,,,4.4625,,,-1.397,-5.9681,,-5.2756,,-15.15,-30.3918,,-7.5582,-1.4906,,5.9636,,,,3.471,,6.5728,-23.9456,,-6.3432,,-5.4308,-10.0528,-42.0932,11.3539,-8.1895,43.3694,,-10.5672,334.1336,-0.70692,,,,,,,,,30.9037,-3.1225,,,,-123.4947,-7.7475,-8.3447,,,122.9179,-79.6253,-38.137,-18.8154,,,,-30.973,-89.1604,,-17.7648,-4.2353,-6.1096,-7.537,,-6.1547,,19.142,2.6291,23.7635,,,,-2.7619,-20.8605,-19.2878,-174.6972,-563.9848,-4.2825,,,26.3519,104.6819,,,,-0.59285,-0.31465
2023,,,,,,,,,,,,,,,,,,,,,,,,,,,,,,,,,,,,,,,,,,,,,,,,,,,,,,,,,,,,,,,,,,,,,,,,,,,,,,,,,,,,,,,,,,,,,,,,,,,,,,,,,,,,,,,,,,,,,,,,,,,,,,,,,,,,,,,,,,,,,,,,,,,,,,,,,,,,,,,,,,,,,,,,,,,,,,,,,,,,,,,,,,,,,,,,,,,,,,,,,,,,,,,,,,,,,,,,,,,,,
,,,,,,,,,,,,,,,,,,,,,,,,,,,,,,,,,,,,,,,,,,,,,,,,,,,,,,,,,,,,,,,,,,,,,,,,,,,,,,,,,,,,,,,,,,,,,,,,,,,,,,,,,,,,,,,,,,,,,,,,,,,,,,,,,,,,,,,,,,,,,,,,,,,,,,,,,,,,,,,,,,,,,,,,,,,,,,,,,,,,,,,,,,,,,,,,,,,,,,,,,,,,,,,,,,,,,,,,,,,,,
SOURCES,,,,,,,,,,,,,,,,,,,,,,,,,,,,,,,,,,,,,,,,,,,,,,,,,,,,,,,,,,,,,,,,,,,,,,,,,,,,,,,,,,,,,,,,,,,,,,,,,,,,,,,,,,,,,,,,,,,,,,,,,,,,,,,,,,,,,,,,,,,,,,,,,,,,,,,,,,,,,,,,,,,,,,,,,,,,,,,,,,,,,,,,,,,,,,,,,,,,,,,,,,,,,,,,,,,,,,,,,,,,,
Transfer,"<b>For sources and methods, see Andrew and Peters (2023), Friedlingstein et al. (2023), and Peters et al. (2011)..</b><br /><br /><br />Friedlingstein, P., O'Sullivan, M., Jones, M. W., Andrew, R. M., Bakker, D. C. E., Hauck, J., Landschützer, P., Le Quéré, C., Luijkx, I. T., Peters, G. P., Peters, W., Pongratz, J., Schwingshackl, C., Sitch, S., Canadell, J. G., Ciais, P., Jackson, R. B., Alin, S. R., Anthoni, P., Barbero, L., Bates, N. R., Becker, M., Bellouin, N., Decharme, B., Bopp, L., Brasika, I. B. M., Cadule, P., Chamberlain, M. A., Chandra, N., Chau, T.-T.-T., Chevallier, F., Chini, L. P., Cronin, M., Dou, X., Enyo, K., Evans, W., Falk, S., Feely, R. A., Feng, L., Ford, D. J., Gasser, T., Ghattas, J., Gkritzalis, T., Grassi, G., Gregor, L., Gruber, N., Gürses, Ö., Harris, I., Hefner, M., Heinke, J., Houghton, R. A., Hurtt, G. C., Iida, Y., Ilyina, T., Jacobson, A. R., Jain, A., Jarníková, T., Jersild, A., Jiang, F., Jin, Z., Joos, F., Kato, E., Keeling, R. F., Kennedy, D., Klein Goldewijk, K., Knauer, J., Korsbakken, J. I., Körtzinger, A., Lan, X., Lefèvre, N., Li, H., Liu, J., Liu, Z., Ma, L., Marland, G., Mayot, N., McGuire, P. C., McKinley, G. A., Meyer, G., Morgan, E. J., Munro, D. R., Nakaoka, S.-I., Niwa, Y., O'Brien, K. M., Olsen, A., Omar, A. M., Ono, T., Paulsen, M. E., Pierrot, D., Pocock, K., Poulter, B., Powis, C. M., Rehder, G., Resplandy, L., Robertson, E., Rödenbeck, C., Rosan, T. M., Schwinger, J., Séférian, R., Smallman, T. L., Smith, S. M., Sospedra-Alfonso, R., Sun, Q., Sutton, A. J., Sweeney, C., Takao, S., Tans, P. P., Tian, H., Tilbrook, B., Tsujino, H., Tubiello, F., van der Werf, G. R., van Ooijen, E., Wanninkhof, R., Watanabe, M., Wimart-Rousseau, C., Yang, D., Yang, X., Yuan, W., Yue, X., Zaehle, S., Zeng, J., and Zheng, B.: Global Carbon Budget 2023, Earth Syst. Sci. Data Discuss. Available at: <a href=""https://doi.org/10.5194/essd-2023-409"" target=""_blank""> https://doi.org/10.5194/essd-2023-409</a><br /><br />Andrew, R.M. and Peters, G.P. (2023): The Global Carbon Project's fossil CO<sub>2</sub> emissions dataset. Available at: <a href=""https://zenodo.org/doi/10.5281/zenodo.5569234"" target=""_blank"">Andrew and Peters, 2023.</a><br /><br />Peters, G.P., Minx, J.C., Weber, C.L., and O. Edenhofer (2011), Growth in emission transfers via international trade from 1990 to 2008. Proceedings of the National Academy of Sciences (PNAS), 108(21), 8903-8908, Available at: <a href=""https://doi.org/10.1073/pnas.1006388108"" target=""_blank"">Peters et al., 2011.</a><br /><br />The use of data is conditional on citing the original data sources. <br /><br />Data for years 2021 and 2022 are preliminary.<br /><br />",,,,,,,,,,,,,,,,,,,,,,,,,,,,,,,,,,,,,,,,,,,,,,,,,,,,,,,,,,,,,,,,,,,,,,,,,,,,,,,,,,,,,,,,,,,,,,,,,,,,,,,,,,,,,,,,,,,,,,,,,,,,,,,,,,,,,,,,,,,,,,,,,,,,,,,,,,,,,,,,,,,,,,,,,,,,,,,,,,,,,,,,,,,,,,,,,,,,,,,,,,,,,,,,,,,,,,,,,,,,
