Country,Year,Cost_NOx [Euro per tonne],Cost_PM2.5 [Euro per tonne],Cost_PM10 [Euro per tonne],Cost_SOx [Euro per tonne],Cost_NMVOC [Euro per tonne],Cost_NH3 [Euro per tonne],Cost_Pb [Euro per kg],Cost_Cd [Euro per kg],Cost_Hg [Euro per kg],Cost_As [Euro per kg],Cost_Ni [Euro per kg],Cost_Cr [Euro per kg]
Belgium,1990,67427,512037,332491,159275,7953,162801,32531,185175,16903,11044,24,3129
Bulgaria,1990,39770,309647,201070,46368,2791,58106,32531,185175,16903,11044,24,3129
Czechia,1990,49118,282451,183409,71277,8138,131699,32531,185175,16903,11044,24,3129
Denmark,1990,25320,124113,80593,54274,1483,25524,32531,185175,16903,11044,24,3129
Germany,1990,74688,266647,173147,116457,5720,90548,32531,185175,16903,11044,24,3129
Estonia,1990,7116,26735,17360,6789,508,15020,32531,185175,16903,11044,24,3129
Ireland,1990,29855,50219,32609,77934,1779,15632,32531,185175,16903,11044,24,3129
Greece,1990,26670,145705,94614,36550,3480,41129,32531,185175,16903,11044,24,3129
Spain,1990,42135,201671,130955,71915,3611,22806,32531,185175,16903,11044,24,3129
France,1990,63655,208191,135189,111252,6209,42588,32531,185175,16903,11044,24,3129
Croatia,1990,59833,192306,124874,79013,5231,59914,32531,185175,16903,11044,24,3129
Italy,1990,108205,592650,384838,93754,15642,93026,32531,185175,16903,11044,24,3129
Cyprus,1990,15126,48390,31422,18211,889,14690,32531,185175,16903,11044,24,3129
Latvia,1990,19176,98627,64043,28699,665,17100,32531,185175,16903,11044,24,3129
Lithuania,1990,18399,62144,40353,25598,647,20560,32531,185175,16903,11044,24,3129
Luxembourg,1990,71957,247472,160696,150219,4640,82776,32531,185175,16903,11044,24,3129
Hungary,1990,68921,261548,169836,77634,4795,74316,32531,185175,16903,11044,24,3129
Malta,1990,7158,150194,97529,17076,2486,87032,32531,185175,16903,11044,24,3129
Netherlands,1990,79400,294599,191298,135753,6051,112156,32531,185175,16903,11044,24,3129
Austria,1990,75781,227195,147529,113124,8226,75613,32531,185175,16903,11044,24,3129
Poland,1990,27011,129265,83938,42598,3070,70606,32531,185175,16903,11044,24,3129
Portugal,1990,31431,234012,151956,35284,2221,25361,32531,185175,16903,11044,24,3129
Romania,1990,52412,217324,141119,61831,3748,48662,32531,185175,16903,11044,24,3129
Slovenia,1990,84406,373078,242259,93509,10127,80401,32531,185175,16903,11044,24,3129
Slovakia,1990,50306,233434,151580,60571,5753,104309,32531,185175,16903,11044,24,3129
Finland,1990,14520,65365,42445,17104,634,13649,32531,185175,16903,11044,24,3129
Sweden,1990,18625,53538,34765,20187,932,17421,32531,185175,16903,11044,24,3129
Norway,1990,16865.6471,56741,36845,15510.5294,1117,9684,32531,185175,16903,11044,24,3129
Switzerland,1990,143134.258,306655,199126,232060.876,12280.6809,65004,32531,185175,16903,11044,24,3129
United Kingdom,1990,55633,268250,174188,117414,4722,102606,32531,185175,16903,11044,24,3129
Belgium,1991,67427,512037,332491,159275,7953,162801,32531,185175,16903,11044,24,3129
Bulgaria,1991,39770,309647,201070,46368,2791,58106,32531,185175,16903,11044,24,3129
Czechia,1991,49118,282451,183409,71277,8138,131699,32531,185175,16903,11044,24,3129
Denmark,1991,25320,124113,80593,54274,1483,25524,32531,185175,16903,11044,24,3129
Germany,1991,74688,266647,173147,116457,5720,90548,32531,185175,16903,11044,24,3129
Estonia,1991,7116,26735,17360,6789,508,15020,32531,185175,16903,11044,24,3129
Ireland,1991,29855,50219,32609,77934,1779,15632,32531,185175,16903,11044,24,3129
Greece,1991,26670,145705,94614,36550,3480,41129,32531,185175,16903,11044,24,3129
Spain,1991,42135,201671,130955,71915,3611,22806,32531,185175,16903,11044,24,3129
France,1991,63655,208191,135189,111252,6209,42588,32531,185175,16903,11044,24,3129
Croatia,1991,59833,192306,124874,79013,5231,59914,32531,185175,16903,11044,24,3129
Italy,1991,108205,592650,384838,93754,15642,93026,32531,185175,16903,11044,24,3129
Cyprus,1991,15126,48390,31422,18211,889,14690,32531,185175,16903,11044,24,3129
Latvia,1991,19176,98627,64043,28699,665,17100,32531,185175,16903,11044,24,3129
Lithuania,1991,18399,62144,40353,25598,647,20560,32531,185175,16903,11044,24,3129
Luxembourg,1991,71957,247472,160696,150219,4640,82776,32531,185175,16903,11044,24,3129
Hungary,1991,68921,261548,169836,77634,4795,74316,32531,185175,16903,11044,24,3129
Malta,1991,7158,150194,97529,17076,2486,87032,32531,185175,16903,11044,24,3129
Netherlands,1991,79400,294599,191298,135753,6051,112156,32531,185175,16903,11044,24,3129
Austria,1991,75781,227195,147529,113124,8226,75613,32531,185175,16903,11044,24,3129
Poland,1991,27011,129265,83938,42598,3070,70606,32531,185175,16903,11044,24,3129
Portugal,1991,31431,234012,151956,35284,2221,25361,32531,185175,16903,11044,24,3129
Romania,1991,52412,217324,141119,61831,3748,48662,32531,185175,16903,11044,24,3129
Slovenia,1991,84406,373078,242259,93509,10127,80401,32531,185175,16903,11044,24,3129
Slovakia,1991,50306,233434,151580,60571,5753,104309,32531,185175,16903,11044,24,3129
Finland,1991,14520,65365,42445,17104,634,13649,32531,185175,16903,11044,24,3129
Sweden,1991,18625,53538,34765,20187,932,17421,32531,185175,16903,11044,24,3129
Norway,1991,16865.6471,56741,36845,15510.5294,1117,9684,32531,185175,16903,11044,24,3129
Switzerland,1991,143134.258,306655,199126,232060.876,12280.6809,65004,32531,185175,16903,11044,24,3129
United Kingdom,1991,55633,268250,174188,117414,4722,102606,32531,185175,16903,11044,24,3129
Belgium,1992,67427,512037,332491,159275,7953,162801,32531,185175,16903,11044,24,3129
Bulgaria,1992,39770,309647,201070,46368,2791,58106,32531,185175,16903,11044,24,3129
Czechia,1992,49118,282451,183409,71277,8138,131699,32531,185175,16903,11044,24,3129
Denmark,1992,25320,124113,80593,54274,1483,25524,32531,185175,16903,11044,24,3129
Germany,1992,74688,266647,173147,116457,5720,90548,32531,185175,16903,11044,24,3129
Estonia,1992,7116,26735,17360,6789,508,15020,32531,185175,16903,11044,24,3129
Ireland,1992,29855,50219,32609,77934,1779,15632,32531,185175,16903,11044,24,3129
Greece,1992,26670,145705,94614,36550,3480,41129,32531,185175,16903,11044,24,3129
Spain,1992,42135,201671,130955,71915,3611,22806,32531,185175,16903,11044,24,3129
France,1992,63655,208191,135189,111252,6209,42588,32531,185175,16903,11044,24,3129
Croatia,1992,59833,192306,124874,79013,5231,59914,32531,185175,16903,11044,24,3129
Italy,1992,108205,592650,384838,93754,15642,93026,32531,185175,16903,11044,24,3129
Cyprus,1992,15126,48390,31422,18211,889,14690,32531,185175,16903,11044,24,3129
Latvia,1992,19176,98627,64043,28699,665,17100,32531,185175,16903,11044,24,3129
Lithuania,1992,18399,62144,40353,25598,647,20560,32531,185175,16903,11044,24,3129
Luxembourg,1992,71957,247472,160696,150219,4640,82776,32531,185175,16903,11044,24,3129
Hungary,1992,68921,261548,169836,77634,4795,74316,32531,185175,16903,11044,24,3129
Malta,1992,7158,150194,97529,17076,2486,87032,32531,185175,16903,11044,24,3129
Netherlands,1992,79400,294599,191298,135753,6051,112156,32531,185175,16903,11044,24,3129
Austria,1992,75781,227195,147529,113124,8226,75613,32531,185175,16903,11044,24,3129
Poland,1992,27011,129265,83938,42598,3070,70606,32531,185175,16903,11044,24,3129
Portugal,1992,31431,234012,151956,35284,2221,25361,32531,185175,16903,11044,24,3129
Romania,1992,52412,217324,141119,61831,3748,48662,32531,185175,16903,11044,24,3129
Slovenia,1992,84406,373078,242259,93509,10127,80401,32531,185175,16903,11044,24,3129
Slovakia,1992,50306,233434,151580,60571,5753,104309,32531,185175,16903,11044,24,3129
Finland,1992,14520,65365,42445,17104,634,13649,32531,185175,16903,11044,24,3129
Sweden,1992,18625,53538,34765,20187,932,17421,32531,185175,16903,11044,24,3129
Norway,1992,16865.6471,56741,36845,15510.5294,1117,9684,32531,185175,16903,11044,24,3129
Switzerland,1992,143134.258,306655,199126,232060.876,12280.6809,65004,32531,185175,16903,11044,24,3129
United Kingdom,1992,55633,268250,174188,117414,4722,102606,32531,185175,16903,11044,24,3129
Belgium,1993,67427,512037,332491,159275,7953,162801,32531,185175,16903,11044,24,3129
Bulgaria,1993,39770,309647,201070,46368,2791,58106,32531,185175,16903,11044,24,3129
Czechia,1993,49118,282451,183409,71277,8138,131699,32531,185175,16903,11044,24,3129
Denmark,1993,25320,124113,80593,54274,1483,25524,32531,185175,16903,11044,24,3129
Germany,1993,74688,266647,173147,116457,5720,90548,32531,185175,16903,11044,24,3129
Estonia,1993,7116,26735,17360,6789,508,15020,32531,185175,16903,11044,24,3129
Ireland,1993,29855,50219,32609,77934,1779,15632,32531,185175,16903,11044,24,3129
Greece,1993,26670,145705,94614,36550,3480,41129,32531,185175,16903,11044,24,3129
Spain,1993,42135,201671,130955,71915,3611,22806,32531,185175,16903,11044,24,3129
France,1993,63655,208191,135189,111252,6209,42588,32531,185175,16903,11044,24,3129
Croatia,1993,59833,192306,124874,79013,5231,59914,32531,185175,16903,11044,24,3129
Italy,1993,108205,592650,384838,93754,15642,93026,32531,185175,16903,11044,24,3129
Cyprus,1993,15126,48390,31422,18211,889,14690,32531,185175,16903,11044,24,3129
Latvia,1993,19176,98627,64043,28699,665,17100,32531,185175,16903,11044,24,3129
Lithuania,1993,18399,62144,40353,25598,647,20560,32531,185175,16903,11044,24,3129
Luxembourg,1993,71957,247472,160696,150219,4640,82776,32531,185175,16903,11044,24,3129
Hungary,1993,68921,261548,169836,77634,4795,74316,32531,185175,16903,11044,24,3129
Malta,1993,7158,150194,97529,17076,2486,87032,32531,185175,16903,11044,24,3129
Netherlands,1993,79400,294599,191298,135753,6051,112156,32531,185175,16903,11044,24,3129
Austria,1993,75781,227195,147529,113124,8226,75613,32531,185175,16903,11044,24,3129
Poland,1993,27011,129265,83938,42598,3070,70606,32531,185175,16903,11044,24,3129
Portugal,1993,31431,234012,151956,35284,2221,25361,32531,185175,16903,11044,24,3129
Romania,1993,52412,217324,141119,61831,3748,48662,32531,185175,16903,11044,24,3129
Slovenia,1993,84406,373078,242259,93509,10127,80401,32531,185175,16903,11044,24,3129
Slovakia,1993,50306,233434,151580,60571,5753,104309,32531,185175,16903,11044,24,3129
Finland,1993,14520,65365,42445,17104,634,13649,32531,185175,16903,11044,24,3129
Sweden,1993,18625,53538,34765,20187,932,17421,32531,185175,16903,11044,24,3129
Norway,1993,16865.6471,56741,36845,15510.5294,1117,9684,32531,185175,16903,11044,24,3129
Switzerland,1993,143134.258,306655,199126,232060.876,12280.6809,65004,32531,185175,16903,11044,24,3129
United Kingdom,1993,55633,268250,174188,117414,4722,102606,32531,185175,16903,11044,24,3129
Belgium,1994,67427,512037,332491,159275,7953,162801,32531,185175,16903,11044,24,3129
Bulgaria,1994,39770,309647,201070,46368,2791,58106,32531,185175,16903,11044,24,3129
Czechia,1994,49118,282451,183409,71277,8138,131699,32531,185175,16903,11044,24,3129
Denmark,1994,25320,124113,80593,54274,1483,25524,32531,185175,16903,11044,24,3129
Germany,1994,74688,266647,173147,116457,5720,90548,32531,185175,16903,11044,24,3129
Estonia,1994,7116,26735,17360,6789,508,15020,32531,185175,16903,11044,24,3129
Ireland,1994,29855,50219,32609,77934,1779,15632,32531,185175,16903,11044,24,3129
Greece,1994,26670,145705,94614,36550,3480,41129,32531,185175,16903,11044,24,3129
Spain,1994,42135,201671,130955,71915,3611,22806,32531,185175,16903,11044,24,3129
France,1994,63655,208191,135189,111252,6209,42588,32531,185175,16903,11044,24,3129
Croatia,1994,59833,192306,124874,79013,5231,59914,32531,185175,16903,11044,24,3129
Italy,1994,108205,592650,384838,93754,15642,93026,32531,185175,16903,11044,24,3129
Cyprus,1994,15126,48390,31422,18211,889,14690,32531,185175,16903,11044,24,3129
Latvia,1994,19176,98627,64043,28699,665,17100,32531,185175,16903,11044,24,3129
Lithuania,1994,18399,62144,40353,25598,647,20560,32531,185175,16903,11044,24,3129
Luxembourg,1994,71957,247472,160696,150219,4640,82776,32531,185175,16903,11044,24,3129
Hungary,1994,68921,261548,169836,77634,4795,74316,32531,185175,16903,11044,24,3129
Malta,1994,7158,150194,97529,17076,2486,87032,32531,185175,16903,11044,24,3129
Netherlands,1994,79400,294599,191298,135753,6051,112156,32531,185175,16903,11044,24,3129
Austria,1994,75781,227195,147529,113124,8226,75613,32531,185175,16903,11044,24,3129
Poland,1994,27011,129265,83938,42598,3070,70606,32531,185175,16903,11044,24,3129
Portugal,1994,31431,234012,151956,35284,2221,25361,32531,185175,16903,11044,24,3129
Romania,1994,52412,217324,141119,61831,3748,48662,32531,185175,16903,11044,24,3129
Slovenia,1994,84406,373078,242259,93509,10127,80401,32531,185175,16903,11044,24,3129
Slovakia,1994,50306,233434,151580,60571,5753,104309,32531,185175,16903,11044,24,3129
Finland,1994,14520,65365,42445,17104,634,13649,32531,185175,16903,11044,24,3129
Sweden,1994,18625,53538,34765,20187,932,17421,32531,185175,16903,11044,24,3129
Norway,1994,16865.6471,56741,36845,15510.5294,1117,9684,32531,185175,16903,11044,24,3129
Switzerland,1994,143134.258,306655,199126,232060.876,12280.6809,65004,32531,185175,16903,11044,24,3129
United Kingdom,1994,55633,268250,174188,117414,4722,102606,32531,185175,16903,11044,24,3129
Belgium,1995,67427,512037,332491,159275,7953,162801,32531,185175,16903,11044,24,3129
Bulgaria,1995,39770,309647,201070,46368,2791,58106,32531,185175,16903,11044,24,3129
Czechia,1995,49118,282451,183409,71277,8138,131699,32531,185175,16903,11044,24,3129
Denmark,1995,25320,124113,80593,54274,1483,25524,32531,185175,16903,11044,24,3129
Germany,1995,74688,266647,173147,116457,5720,90548,32531,185175,16903,11044,24,3129
Estonia,1995,7116,26735,17360,6789,508,15020,32531,185175,16903,11044,24,3129
Ireland,1995,29855,50219,32609,77934,1779,15632,32531,185175,16903,11044,24,3129
Greece,1995,26670,145705,94614,36550,3480,41129,32531,185175,16903,11044,24,3129
Spain,1995,42135,201671,130955,71915,3611,22806,32531,185175,16903,11044,24,3129
France,1995,63655,208191,135189,111252,6209,42588,32531,185175,16903,11044,24,3129
Croatia,1995,59833,192306,124874,79013,5231,59914,32531,185175,16903,11044,24,3129
Italy,1995,108205,592650,384838,93754,15642,93026,32531,185175,16903,11044,24,3129
Cyprus,1995,15126,48390,31422,18211,889,14690,32531,185175,16903,11044,24,3129
Latvia,1995,19176,98627,64043,28699,665,17100,32531,185175,16903,11044,24,3129
Lithuania,1995,18399,62144,40353,25598,647,20560,32531,185175,16903,11044,24,3129
Luxembourg,1995,71957,247472,160696,150219,4640,82776,32531,185175,16903,11044,24,3129
Hungary,1995,68921,261548,169836,77634,4795,74316,32531,185175,16903,11044,24,3129
Malta,1995,7158,150194,97529,17076,2486,87032,32531,185175,16903,11044,24,3129
Netherlands,1995,79400,294599,191298,135753,6051,112156,32531,185175,16903,11044,24,3129
Austria,1995,75781,227195,147529,113124,8226,75613,32531,185175,16903,11044,24,3129
Poland,1995,27011,129265,83938,42598,3070,70606,32531,185175,16903,11044,24,3129
Portugal,1995,31431,234012,151956,35284,2221,25361,32531,185175,16903,11044,24,3129
Romania,1995,52412,217324,141119,61831,3748,48662,32531,185175,16903,11044,24,3129
Slovenia,1995,84406,373078,242259,93509,10127,80401,32531,185175,16903,11044,24,3129
Slovakia,1995,50306,233434,151580,60571,5753,104309,32531,185175,16903,11044,24,3129
Finland,1995,14520,65365,42445,17104,634,13649,32531,185175,16903,11044,24,3129
Sweden,1995,18625,53538,34765,20187,932,17421,32531,185175,16903,11044,24,3129
Norway,1995,16865.6471,56741,36845,15510.5294,1117,9684,32531,185175,16903,11044,24,3129
Switzerland,1995,143134.258,306655,199126,232060.876,12280.6809,65004,32531,185175,16903,11044,24,3129
United Kingdom,1995,55633,268250,174188,117414,4722,102606,32531,185175,16903,11044,24,3129
Belgium,1996,67427,512037,332491,159275,7953,162801,32531,185175,16903,11044,24,3129
Bulgaria,1996,39770,309647,201070,46368,2791,58106,32531,185175,16903,11044,24,3129
Czechia,1996,49118,282451,183409,71277,8138,131699,32531,185175,16903,11044,24,3129
Denmark,1996,25320,124113,80593,54274,1483,25524,32531,185175,16903,11044,24,3129
Germany,1996,74688,266647,173147,116457,5720,90548,32531,185175,16903,11044,24,3129
Estonia,1996,7116,26735,17360,6789,508,15020,32531,185175,16903,11044,24,3129
Ireland,1996,29855,50219,32609,77934,1779,15632,32531,185175,16903,11044,24,3129
Greece,1996,26670,145705,94614,36550,3480,41129,32531,185175,16903,11044,24,3129
Spain,1996,42135,201671,130955,71915,3611,22806,32531,185175,16903,11044,24,3129
France,1996,63655,208191,135189,111252,6209,42588,32531,185175,16903,11044,24,3129
Croatia,1996,59833,192306,124874,79013,5231,59914,32531,185175,16903,11044,24,3129
Italy,1996,108205,592650,384838,93754,15642,93026,32531,185175,16903,11044,24,3129
Cyprus,1996,15126,48390,31422,18211,889,14690,32531,185175,16903,11044,24,3129
Latvia,1996,19176,98627,64043,28699,665,17100,32531,185175,16903,11044,24,3129
Lithuania,1996,18399,62144,40353,25598,647,20560,32531,185175,16903,11044,24,3129
Luxembourg,1996,71957,247472,160696,150219,4640,82776,32531,185175,16903,11044,24,3129
Hungary,1996,68921,261548,169836,77634,4795,74316,32531,185175,16903,11044,24,3129
Malta,1996,7158,150194,97529,17076,2486,87032,32531,185175,16903,11044,24,3129
Netherlands,1996,79400,294599,191298,135753,6051,112156,32531,185175,16903,11044,24,3129
Austria,1996,75781,227195,147529,113124,8226,75613,32531,185175,16903,11044,24,3129
Poland,1996,27011,129265,83938,42598,3070,70606,32531,185175,16903,11044,24,3129
Portugal,1996,31431,234012,151956,35284,2221,25361,32531,185175,16903,11044,24,3129
Romania,1996,52412,217324,141119,61831,3748,48662,32531,185175,16903,11044,24,3129
Slovenia,1996,84406,373078,242259,93509,10127,80401,32531,185175,16903,11044,24,3129
Slovakia,1996,50306,233434,151580,60571,5753,104309,32531,185175,16903,11044,24,3129
Finland,1996,14520,65365,42445,17104,634,13649,32531,185175,16903,11044,24,3129
Sweden,1996,18625,53538,34765,20187,932,17421,32531,185175,16903,11044,24,3129
Norway,1996,16865.6471,56741,36845,15510.5294,1117,9684,32531,185175,16903,11044,24,3129
Switzerland,1996,143134.258,306655,199126,232060.876,12280.6809,65004,32531,185175,16903,11044,24,3129
United Kingdom,1996,55633,268250,174188,117414,4722,102606,32531,185175,16903,11044,24,3129
Belgium,1997,67427,512037,332491,159275,7953,162801,32531,185175,16903,11044,24,3129
Bulgaria,1997,39770,309647,201070,46368,2791,58106,32531,185175,16903,11044,24,3129
Czechia,1997,49118,282451,183409,71277,8138,131699,32531,185175,16903,11044,24,3129
Denmark,1997,25320,124113,80593,54274,1483,25524,32531,185175,16903,11044,24,3129
Germany,1997,74688,266647,173147,116457,5720,90548,32531,185175,16903,11044,24,3129
Estonia,1997,7116,26735,17360,6789,508,15020,32531,185175,16903,11044,24,3129
Ireland,1997,29855,50219,32609,77934,1779,15632,32531,185175,16903,11044,24,3129
Greece,1997,26670,145705,94614,36550,3480,41129,32531,185175,16903,11044,24,3129
Spain,1997,42135,201671,130955,71915,3611,22806,32531,185175,16903,11044,24,3129
France,1997,63655,208191,135189,111252,6209,42588,32531,185175,16903,11044,24,3129
Croatia,1997,59833,192306,124874,79013,5231,59914,32531,185175,16903,11044,24,3129
Italy,1997,108205,592650,384838,93754,15642,93026,32531,185175,16903,11044,24,3129
Cyprus,1997,15126,48390,31422,18211,889,14690,32531,185175,16903,11044,24,3129
Latvia,1997,19176,98627,64043,28699,665,17100,32531,185175,16903,11044,24,3129
Lithuania,1997,18399,62144,40353,25598,647,20560,32531,185175,16903,11044,24,3129
Luxembourg,1997,71957,247472,160696,150219,4640,82776,32531,185175,16903,11044,24,3129
Hungary,1997,68921,261548,169836,77634,4795,74316,32531,185175,16903,11044,24,3129
Malta,1997,7158,150194,97529,17076,2486,87032,32531,185175,16903,11044,24,3129
Netherlands,1997,79400,294599,191298,135753,6051,112156,32531,185175,16903,11044,24,3129
Austria,1997,75781,227195,147529,113124,8226,75613,32531,185175,16903,11044,24,3129
Poland,1997,27011,129265,83938,42598,3070,70606,32531,185175,16903,11044,24,3129
Portugal,1997,31431,234012,151956,35284,2221,25361,32531,185175,16903,11044,24,3129
Romania,1997,52412,217324,141119,61831,3748,48662,32531,185175,16903,11044,24,3129
Slovenia,1997,84406,373078,242259,93509,10127,80401,32531,185175,16903,11044,24,3129
Slovakia,1997,50306,233434,151580,60571,5753,104309,32531,185175,16903,11044,24,3129
Finland,1997,14520,65365,42445,17104,634,13649,32531,185175,16903,11044,24,3129
Sweden,1997,18625,53538,34765,20187,932,17421,32531,185175,16903,11044,24,3129
Norway,1997,16865.6471,56741,36845,15510.5294,1117,9684,32531,185175,16903,11044,24,3129
Switzerland,1997,143134.258,306655,199126,232060.876,12280.6809,65004,32531,185175,16903,11044,24,3129
United Kingdom,1997,55633,268250,174188,117414,4722,102606,32531,185175,16903,11044,24,3129
Belgium,1998,67427,512037,332491,159275,7953,162801,32531,185175,16903,11044,24,3129
Bulgaria,1998,39770,309647,201070,46368,2791,58106,32531,185175,16903,11044,24,3129
Czechia,1998,49118,282451,183409,71277,8138,131699,32531,185175,16903,11044,24,3129
Denmark,1998,25320,124113,80593,54274,1483,25524,32531,185175,16903,11044,24,3129
Germany,1998,74688,266647,173147,116457,5720,90548,32531,185175,16903,11044,24,3129
Estonia,1998,7116,26735,17360,6789,508,15020,32531,185175,16903,11044,24,3129
Ireland,1998,29855,50219,32609,77934,1779,15632,32531,185175,16903,11044,24,3129
Greece,1998,26670,145705,94614,36550,3480,41129,32531,185175,16903,11044,24,3129
Spain,1998,42135,201671,130955,71915,3611,22806,32531,185175,16903,11044,24,3129
France,1998,63655,208191,135189,111252,6209,42588,32531,185175,16903,11044,24,3129
Croatia,1998,59833,192306,124874,79013,5231,59914,32531,185175,16903,11044,24,3129
Italy,1998,108205,592650,384838,93754,15642,93026,32531,185175,16903,11044,24,3129
Cyprus,1998,15126,48390,31422,18211,889,14690,32531,185175,16903,11044,24,3129
Latvia,1998,19176,98627,64043,28699,665,17100,32531,185175,16903,11044,24,3129
Lithuania,1998,18399,62144,40353,25598,647,20560,32531,185175,16903,11044,24,3129
Luxembourg,1998,71957,247472,160696,150219,4640,82776,32531,185175,16903,11044,24,3129
Hungary,1998,68921,261548,169836,77634,4795,74316,32531,185175,16903,11044,24,3129
Malta,1998,7158,150194,97529,17076,2486,87032,32531,185175,16903,11044,24,3129
Netherlands,1998,79400,294599,191298,135753,6051,112156,32531,185175,16903,11044,24,3129
Austria,1998,75781,227195,147529,113124,8226,75613,32531,185175,16903,11044,24,3129
Poland,1998,27011,129265,83938,42598,3070,70606,32531,185175,16903,11044,24,3129
Portugal,1998,31431,234012,151956,35284,2221,25361,32531,185175,16903,11044,24,3129
Romania,1998,52412,217324,141119,61831,3748,48662,32531,185175,16903,11044,24,3129
Slovenia,1998,84406,373078,242259,93509,10127,80401,32531,185175,16903,11044,24,3129
Slovakia,1998,50306,233434,151580,60571,5753,104309,32531,185175,16903,11044,24,3129
Finland,1998,14520,65365,42445,17104,634,13649,32531,185175,16903,11044,24,3129
Sweden,1998,18625,53538,34765,20187,932,17421,32531,185175,16903,11044,24,3129
Norway,1998,16865.6471,56741,36845,15510.5294,1117,9684,32531,185175,16903,11044,24,3129
Switzerland,1998,143134.258,306655,199126,232060.876,12280.6809,65004,32531,185175,16903,11044,24,3129
United Kingdom,1998,55633,268250,174188,117414,4722,102606,32531,185175,16903,11044,24,3129
Belgium,1999,67427,512037,332491,159275,7953,162801,32531,185175,16903,11044,24,3129
Bulgaria,1999,39770,309647,201070,46368,2791,58106,32531,185175,16903,11044,24,3129
Czechia,1999,49118,282451,183409,71277,8138,131699,32531,185175,16903,11044,24,3129
Denmark,1999,25320,124113,80593,54274,1483,25524,32531,185175,16903,11044,24,3129
Germany,1999,74688,266647,173147,116457,5720,90548,32531,185175,16903,11044,24,3129
Estonia,1999,7116,26735,17360,6789,508,15020,32531,185175,16903,11044,24,3129
Ireland,1999,29855,50219,32609,77934,1779,15632,32531,185175,16903,11044,24,3129
Greece,1999,26670,145705,94614,36550,3480,41129,32531,185175,16903,11044,24,3129
Spain,1999,42135,201671,130955,71915,3611,22806,32531,185175,16903,11044,24,3129
France,1999,63655,208191,135189,111252,6209,42588,32531,185175,16903,11044,24,3129
Croatia,1999,59833,192306,124874,79013,5231,59914,32531,185175,16903,11044,24,3129
Italy,1999,108205,592650,384838,93754,15642,93026,32531,185175,16903,11044,24,3129
Cyprus,1999,15126,48390,31422,18211,889,14690,32531,185175,16903,11044,24,3129
Latvia,1999,19176,98627,64043,28699,665,17100,32531,185175,16903,11044,24,3129
Lithuania,1999,18399,62144,40353,25598,647,20560,32531,185175,16903,11044,24,3129
Luxembourg,1999,71957,247472,160696,150219,4640,82776,32531,185175,16903,11044,24,3129
Hungary,1999,68921,261548,169836,77634,4795,74316,32531,185175,16903,11044,24,3129
Malta,1999,7158,150194,97529,17076,2486,87032,32531,185175,16903,11044,24,3129
Netherlands,1999,79400,294599,191298,135753,6051,112156,32531,185175,16903,11044,24,3129
Austria,1999,75781,227195,147529,113124,8226,75613,32531,185175,16903,11044,24,3129
Poland,1999,27011,129265,83938,42598,3070,70606,32531,185175,16903,11044,24,3129
Portugal,1999,31431,234012,151956,35284,2221,25361,32531,185175,16903,11044,24,3129
Romania,1999,52412,217324,141119,61831,3748,48662,32531,185175,16903,11044,24,3129
Slovenia,1999,84406,373078,242259,93509,10127,80401,32531,185175,16903,11044,24,3129
Slovakia,1999,50306,233434,151580,60571,5753,104309,32531,185175,16903,11044,24,3129
Finland,1999,14520,65365,42445,17104,634,13649,32531,185175,16903,11044,24,3129
Sweden,1999,18625,53538,34765,20187,932,17421,32531,185175,16903,11044,24,3129
Norway,1999,16865.6471,56741,36845,15510.5294,1117,9684,32531,185175,16903,11044,24,3129
Switzerland,1999,143134.258,306655,199126,232060.876,12280.6809,65004,32531,185175,16903,11044,24,3129
United Kingdom,1999,55633,268250,174188,117414,4722,102606,32531,185175,16903,11044,24,3129
Belgium,2000,67427,512037,332491,159275,7953,162801,32531,185175,16903,11044,24,3129
Bulgaria,2000,39770,309647,201070,46368,2791,58106,32531,185175,16903,11044,24,3129
Czechia,2000,49118,282451,183409,71277,8138,131699,32531,185175,16903,11044,24,3129
Denmark,2000,25320,124113,80593,54274,1483,25524,32531,185175,16903,11044,24,3129
Germany,2000,74688,266647,173147,116457,5720,90548,32531,185175,16903,11044,24,3129
Estonia,2000,7116,26735,17360,6789,508,15020,32531,185175,16903,11044,24,3129
Ireland,2000,29855,50219,32609,77934,1779,15632,32531,185175,16903,11044,24,3129
Greece,2000,26670,145705,94614,36550,3480,41129,32531,185175,16903,11044,24,3129
Spain,2000,42135,201671,130955,71915,3611,22806,32531,185175,16903,11044,24,3129
France,2000,63655,208191,135189,111252,6209,42588,32531,185175,16903,11044,24,3129
Croatia,2000,59833,192306,124874,79013,5231,59914,32531,185175,16903,11044,24,3129
Italy,2000,108205,592650,384838,93754,15642,93026,32531,185175,16903,11044,24,3129
Cyprus,2000,15126,48390,31422,18211,889,14690,32531,185175,16903,11044,24,3129
Latvia,2000,19176,98627,64043,28699,665,17100,32531,185175,16903,11044,24,3129
Lithuania,2000,18399,62144,40353,25598,647,20560,32531,185175,16903,11044,24,3129
Luxembourg,2000,71957,247472,160696,150219,4640,82776,32531,185175,16903,11044,24,3129
Hungary,2000,68921,261548,169836,77634,4795,74316,32531,185175,16903,11044,24,3129
Malta,2000,7158,150194,97529,17076,2486,87032,32531,185175,16903,11044,24,3129
Netherlands,2000,79400,294599,191298,135753,6051,112156,32531,185175,16903,11044,24,3129
Austria,2000,75781,227195,147529,113124,8226,75613,32531,185175,16903,11044,24,3129
Poland,2000,27011,129265,83938,42598,3070,70606,32531,185175,16903,11044,24,3129
Portugal,2000,31431,234012,151956,35284,2221,25361,32531,185175,16903,11044,24,3129
Romania,2000,52412,217324,141119,61831,3748,48662,32531,185175,16903,11044,24,3129
Slovenia,2000,84406,373078,242259,93509,10127,80401,32531,185175,16903,11044,24,3129
Slovakia,2000,50306,233434,151580,60571,5753,104309,32531,185175,16903,11044,24,3129
Finland,2000,14520,65365,42445,17104,634,13649,32531,185175,16903,11044,24,3129
Sweden,2000,18625,53538,34765,20187,932,17421,32531,185175,16903,11044,24,3129
Norway,2000,16865.6471,56741,36845,15510.5294,1117,9684,32531,185175,16903,11044,24,3129
Switzerland,2000,143134.258,306655,199126,232060.876,12280.6809,65004,32531,185175,16903,11044,24,3129
United Kingdom,2000,55633,268250,174188,117414,4722,102606,32531,185175,16903,11044,24,3129
Belgium,2001,67427,512037,332491,159275,7953,162801,32531,185175,16903,11044,24,3129
Bulgaria,2001,39770,309647,201070,46368,2791,58106,32531,185175,16903,11044,24,3129
Czechia,2001,49118,282451,183409,71277,8138,131699,32531,185175,16903,11044,24,3129
Denmark,2001,25320,124113,80593,54274,1483,25524,32531,185175,16903,11044,24,3129
Germany,2001,74688,266647,173147,116457,5720,90548,32531,185175,16903,11044,24,3129
Estonia,2001,7116,26735,17360,6789,508,15020,32531,185175,16903,11044,24,3129
Ireland,2001,29855,50219,32609,77934,1779,15632,32531,185175,16903,11044,24,3129
Greece,2001,26670,145705,94614,36550,3480,41129,32531,185175,16903,11044,24,3129
Spain,2001,42135,201671,130955,71915,3611,22806,32531,185175,16903,11044,24,3129
France,2001,63655,208191,135189,111252,6209,42588,32531,185175,16903,11044,24,3129
Croatia,2001,59833,192306,124874,79013,5231,59914,32531,185175,16903,11044,24,3129
Italy,2001,108205,592650,384838,93754,15642,93026,32531,185175,16903,11044,24,3129
Cyprus,2001,15126,48390,31422,18211,889,14690,32531,185175,16903,11044,24,3129
Latvia,2001,19176,98627,64043,28699,665,17100,32531,185175,16903,11044,24,3129
Lithuania,2001,18399,62144,40353,25598,647,20560,32531,185175,16903,11044,24,3129
Luxembourg,2001,71957,247472,160696,150219,4640,82776,32531,185175,16903,11044,24,3129
Hungary,2001,68921,261548,169836,77634,4795,74316,32531,185175,16903,11044,24,3129
Malta,2001,7158,150194,97529,17076,2486,87032,32531,185175,16903,11044,24,3129
Netherlands,2001,79400,294599,191298,135753,6051,112156,32531,185175,16903,11044,24,3129
Austria,2001,75781,227195,147529,113124,8226,75613,32531,185175,16903,11044,24,3129
Poland,2001,27011,129265,83938,42598,3070,70606,32531,185175,16903,11044,24,3129
Portugal,2001,31431,234012,151956,35284,2221,25361,32531,185175,16903,11044,24,3129
Romania,2001,52412,217324,141119,61831,3748,48662,32531,185175,16903,11044,24,3129
Slovenia,2001,84406,373078,242259,93509,10127,80401,32531,185175,16903,11044,24,3129
Slovakia,2001,50306,233434,151580,60571,5753,104309,32531,185175,16903,11044,24,3129
Finland,2001,14520,65365,42445,17104,634,13649,32531,185175,16903,11044,24,3129
Sweden,2001,18625,53538,34765,20187,932,17421,32531,185175,16903,11044,24,3129
Norway,2001,16865.6471,56741,36845,15510.5294,1117,9684,32531,185175,16903,11044,24,3129
Switzerland,2001,143134.258,306655,199126,232060.876,12280.6809,65004,32531,185175,16903,11044,24,3129
United Kingdom,2001,55633,268250,174188,117414,4722,102606,32531,185175,16903,11044,24,3129
Belgium,2002,67427,512037,332491,159275,7953,162801,32531,185175,16903,11044,24,3129
Bulgaria,2002,39770,309647,201070,46368,2791,58106,32531,185175,16903,11044,24,3129
Czechia,2002,49118,282451,183409,71277,8138,131699,32531,185175,16903,11044,24,3129
Denmark,2002,25320,124113,80593,54274,1483,25524,32531,185175,16903,11044,24,3129
Germany,2002,74688,266647,173147,116457,5720,90548,32531,185175,16903,11044,24,3129
Estonia,2002,7116,26735,17360,6789,508,15020,32531,185175,16903,11044,24,3129
Ireland,2002,29855,50219,32609,77934,1779,15632,32531,185175,16903,11044,24,3129
Greece,2002,26670,145705,94614,36550,3480,41129,32531,185175,16903,11044,24,3129
Spain,2002,42135,201671,130955,71915,3611,22806,32531,185175,16903,11044,24,3129
France,2002,63655,208191,135189,111252,6209,42588,32531,185175,16903,11044,24,3129
Croatia,2002,59833,192306,124874,79013,5231,59914,32531,185175,16903,11044,24,3129
Italy,2002,108205,592650,384838,93754,15642,93026,32531,185175,16903,11044,24,3129
Cyprus,2002,15126,48390,31422,18211,889,14690,32531,185175,16903,11044,24,3129
Latvia,2002,19176,98627,64043,28699,665,17100,32531,185175,16903,11044,24,3129
Lithuania,2002,18399,62144,40353,25598,647,20560,32531,185175,16903,11044,24,3129
Luxembourg,2002,71957,247472,160696,150219,4640,82776,32531,185175,16903,11044,24,3129
Hungary,2002,68921,261548,169836,77634,4795,74316,32531,185175,16903,11044,24,3129
Malta,2002,7158,150194,97529,17076,2486,87032,32531,185175,16903,11044,24,3129
Netherlands,2002,79400,294599,191298,135753,6051,112156,32531,185175,16903,11044,24,3129
Austria,2002,75781,227195,147529,113124,8226,75613,32531,185175,16903,11044,24,3129
Poland,2002,27011,129265,83938,42598,3070,70606,32531,185175,16903,11044,24,3129
Portugal,2002,31431,234012,151956,35284,2221,25361,32531,185175,16903,11044,24,3129
Romania,2002,52412,217324,141119,61831,3748,48662,32531,185175,16903,11044,24,3129
Slovenia,2002,84406,373078,242259,93509,10127,80401,32531,185175,16903,11044,24,3129
Slovakia,2002,50306,233434,151580,60571,5753,104309,32531,185175,16903,11044,24,3129
Finland,2002,14520,65365,42445,17104,634,13649,32531,185175,16903,11044,24,3129
Sweden,2002,18625,53538,34765,20187,932,17421,32531,185175,16903,11044,24,3129
Norway,2002,16865.6471,56741,36845,15510.5294,1117,9684,32531,185175,16903,11044,24,3129
Switzerland,2002,143134.258,306655,199126,232060.876,12280.6809,65004,32531,185175,16903,11044,24,3129
United Kingdom,2002,55633,268250,174188,117414,4722,102606,32531,185175,16903,11044,24,3129
Belgium,2003,67427,512037,332491,159275,7953,162801,32531,185175,16903,11044,24,3129
Bulgaria,2003,39770,309647,201070,46368,2791,58106,32531,185175,16903,11044,24,3129
Czechia,2003,49118,282451,183409,71277,8138,131699,32531,185175,16903,11044,24,3129
Denmark,2003,25320,124113,80593,54274,1483,25524,32531,185175,16903,11044,24,3129
Germany,2003,74688,266647,173147,116457,5720,90548,32531,185175,16903,11044,24,3129
Estonia,2003,7116,26735,17360,6789,508,15020,32531,185175,16903,11044,24,3129
Ireland,2003,29855,50219,32609,77934,1779,15632,32531,185175,16903,11044,24,3129
Greece,2003,26670,145705,94614,36550,3480,41129,32531,185175,16903,11044,24,3129
Spain,2003,42135,201671,130955,71915,3611,22806,32531,185175,16903,11044,24,3129
France,2003,63655,208191,135189,111252,6209,42588,32531,185175,16903,11044,24,3129
Croatia,2003,59833,192306,124874,79013,5231,59914,32531,185175,16903,11044,24,3129
Italy,2003,108205,592650,384838,93754,15642,93026,32531,185175,16903,11044,24,3129
Cyprus,2003,15126,48390,31422,18211,889,14690,32531,185175,16903,11044,24,3129
Latvia,2003,19176,98627,64043,28699,665,17100,32531,185175,16903,11044,24,3129
Lithuania,2003,18399,62144,40353,25598,647,20560,32531,185175,16903,11044,24,3129
Luxembourg,2003,71957,247472,160696,150219,4640,82776,32531,185175,16903,11044,24,3129
Hungary,2003,68921,261548,169836,77634,4795,74316,32531,185175,16903,11044,24,3129
Malta,2003,7158,150194,97529,17076,2486,87032,32531,185175,16903,11044,24,3129
Netherlands,2003,79400,294599,191298,135753,6051,112156,32531,185175,16903,11044,24,3129
Austria,2003,75781,227195,147529,113124,8226,75613,32531,185175,16903,11044,24,3129
Poland,2003,27011,129265,83938,42598,3070,70606,32531,185175,16903,11044,24,3129
Portugal,2003,31431,234012,151956,35284,2221,25361,32531,185175,16903,11044,24,3129
Romania,2003,52412,217324,141119,61831,3748,48662,32531,185175,16903,11044,24,3129
Slovenia,2003,84406,373078,242259,93509,10127,80401,32531,185175,16903,11044,24,3129
Slovakia,2003,50306,233434,151580,60571,5753,104309,32531,185175,16903,11044,24,3129
Finland,2003,14520,65365,42445,17104,634,13649,32531,185175,16903,11044,24,3129
Sweden,2003,18625,53538,34765,20187,932,17421,32531,185175,16903,11044,24,3129
Norway,2003,16865.6471,56741,36845,15510.5294,1117,9684,32531,185175,16903,11044,24,3129
Switzerland,2003,143134.258,306655,199126,232060.876,12280.6809,65004,32531,185175,16903,11044,24,3129
United Kingdom,2003,55633,268250,174188,117414,4722,102606,32531,185175,16903,11044,24,3129
Belgium,2004,67427,512037,332491,159275,7953,162801,32531,185175,16903,11044,24,3129
Bulgaria,2004,39770,309647,201070,46368,2791,58106,32531,185175,16903,11044,24,3129
Czechia,2004,49118,282451,183409,71277,8138,131699,32531,185175,16903,11044,24,3129
Denmark,2004,25320,124113,80593,54274,1483,25524,32531,185175,16903,11044,24,3129
Germany,2004,74688,266647,173147,116457,5720,90548,32531,185175,16903,11044,24,3129
Estonia,2004,7116,26735,17360,6789,508,15020,32531,185175,16903,11044,24,3129
Ireland,2004,29855,50219,32609,77934,1779,15632,32531,185175,16903,11044,24,3129
Greece,2004,26670,145705,94614,36550,3480,41129,32531,185175,16903,11044,24,3129
Spain,2004,42135,201671,130955,71915,3611,22806,32531,185175,16903,11044,24,3129
France,2004,63655,208191,135189,111252,6209,42588,32531,185175,16903,11044,24,3129
Croatia,2004,59833,192306,124874,79013,5231,59914,32531,185175,16903,11044,24,3129
Italy,2004,108205,592650,384838,93754,15642,93026,32531,185175,16903,11044,24,3129
Cyprus,2004,15126,48390,31422,18211,889,14690,32531,185175,16903,11044,24,3129
Latvia,2004,19176,98627,64043,28699,665,17100,32531,185175,16903,11044,24,3129
Lithuania,2004,18399,62144,40353,25598,647,20560,32531,185175,16903,11044,24,3129
Luxembourg,2004,71957,247472,160696,150219,4640,82776,32531,185175,16903,11044,24,3129
Hungary,2004,68921,261548,169836,77634,4795,74316,32531,185175,16903,11044,24,3129
Malta,2004,7158,150194,97529,17076,2486,87032,32531,185175,16903,11044,24,3129
Netherlands,2004,79400,294599,191298,135753,6051,112156,32531,185175,16903,11044,24,3129
Austria,2004,75781,227195,147529,113124,8226,75613,32531,185175,16903,11044,24,3129
Poland,2004,27011,129265,83938,42598,3070,70606,32531,185175,16903,11044,24,3129
Portugal,2004,31431,234012,151956,35284,2221,25361,32531,185175,16903,11044,24,3129
Romania,2004,52412,217324,141119,61831,3748,48662,32531,185175,16903,11044,24,3129
Slovenia,2004,84406,373078,242259,93509,10127,80401,32531,185175,16903,11044,24,3129
Slovakia,2004,50306,233434,151580,60571,5753,104309,32531,185175,16903,11044,24,3129
Finland,2004,14520,65365,42445,17104,634,13649,32531,185175,16903,11044,24,3129
Sweden,2004,18625,53538,34765,20187,932,17421,32531,185175,16903,11044,24,3129
Norway,2004,16865.6471,56741,36845,15510.5294,1117,9684,32531,185175,16903,11044,24,3129
Switzerland,2004,143134.258,306655,199126,232060.876,12280.6809,65004,32531,185175,16903,11044,24,3129
United Kingdom,2004,55633,268250,174188,117414,4722,102606,32531,185175,16903,11044,24,3129
Belgium,2005,67427,512037,332491,159275,7953,162801,32531,185175,16903,11044,24,3129
Bulgaria,2005,39770,309647,201070,46368,2791,58106,32531,185175,16903,11044,24,3129
Czechia,2005,49118,282451,183409,71277,8138,131699,32531,185175,16903,11044,24,3129
Denmark,2005,25320,124113,80593,54274,1483,25524,32531,185175,16903,11044,24,3129
Germany,2005,74688,266647,173147,116457,5720,90548,32531,185175,16903,11044,24,3129
Estonia,2005,7116,26735,17360,6789,508,15020,32531,185175,16903,11044,24,3129
Ireland,2005,29855,50219,32609,77934,1779,15632,32531,185175,16903,11044,24,3129
Greece,2005,26670,145705,94614,36550,3480,41129,32531,185175,16903,11044,24,3129
Spain,2005,42135,201671,130955,71915,3611,22806,32531,185175,16903,11044,24,3129
France,2005,63655,208191,135189,111252,6209,42588,32531,185175,16903,11044,24,3129
Croatia,2005,59833,192306,124874,79013,5231,59914,32531,185175,16903,11044,24,3129
Italy,2005,108205,592650,384838,93754,15642,93026,32531,185175,16903,11044,24,3129
Cyprus,2005,15126,48390,31422,18211,889,14690,32531,185175,16903,11044,24,3129
Latvia,2005,19176,98627,64043,28699,665,17100,32531,185175,16903,11044,24,3129
Lithuania,2005,18399,62144,40353,25598,647,20560,32531,185175,16903,11044,24,3129
Luxembourg,2005,71957,247472,160696,150219,4640,82776,32531,185175,16903,11044,24,3129
Hungary,2005,68921,261548,169836,77634,4795,74316,32531,185175,16903,11044,24,3129
Malta,2005,7158,150194,97529,17076,2486,87032,32531,185175,16903,11044,24,3129
Netherlands,2005,79400,294599,191298,135753,6051,112156,32531,185175,16903,11044,24,3129
Austria,2005,75781,227195,147529,113124,8226,75613,32531,185175,16903,11044,24,3129
Poland,2005,27011,129265,83938,42598,3070,70606,32531,185175,16903,11044,24,3129
Portugal,2005,31431,234012,151956,35284,2221,25361,32531,185175,16903,11044,24,3129
Romania,2005,52412,217324,141119,61831,3748,48662,32531,185175,16903,11044,24,3129
Slovenia,2005,84406,373078,242259,93509,10127,80401,32531,185175,16903,11044,24,3129
Slovakia,2005,50306,233434,151580,60571,5753,104309,32531,185175,16903,11044,24,3129
Finland,2005,14520,65365,42445,17104,634,13649,32531,185175,16903,11044,24,3129
Sweden,2005,18625,53538,34765,20187,932,17421,32531,185175,16903,11044,24,3129
Norway,2005,16865.6471,56741,36845,15510.5294,1117,9684,32531,185175,16903,11044,24,3129
Switzerland,2005,143134.258,306655,199126,232060.876,12280.6809,65004,32531,185175,16903,11044,24,3129
United Kingdom,2005,55633,268250,174188,117414,4722,102606,32531,185175,16903,11044,24,3129
Belgium,2006,67427,512037,332491,159275,7953,162801,32531,185175,16903,11044,24,3129
Bulgaria,2006,39770,309647,201070,46368,2791,58106,32531,185175,16903,11044,24,3129
Czechia,2006,49118,282451,183409,71277,8138,131699,32531,185175,16903,11044,24,3129
Denmark,2006,25320,124113,80593,54274,1483,25524,32531,185175,16903,11044,24,3129
Germany,2006,74688,266647,173147,116457,5720,90548,32531,185175,16903,11044,24,3129
Estonia,2006,7116,26735,17360,6789,508,15020,32531,185175,16903,11044,24,3129
Ireland,2006,29855,50219,32609,77934,1779,15632,32531,185175,16903,11044,24,3129
Greece,2006,26670,145705,94614,36550,3480,41129,32531,185175,16903,11044,24,3129
Spain,2006,42135,201671,130955,71915,3611,22806,32531,185175,16903,11044,24,3129
France,2006,63655,208191,135189,111252,6209,42588,32531,185175,16903,11044,24,3129
Croatia,2006,59833,192306,124874,79013,5231,59914,32531,185175,16903,11044,24,3129
Italy,2006,108205,592650,384838,93754,15642,93026,32531,185175,16903,11044,24,3129
Cyprus,2006,15126,48390,31422,18211,889,14690,32531,185175,16903,11044,24,3129
Latvia,2006,19176,98627,64043,28699,665,17100,32531,185175,16903,11044,24,3129
Lithuania,2006,18399,62144,40353,25598,647,20560,32531,185175,16903,11044,24,3129
Luxembourg,2006,71957,247472,160696,150219,4640,82776,32531,185175,16903,11044,24,3129
Hungary,2006,68921,261548,169836,77634,4795,74316,32531,185175,16903,11044,24,3129
Malta,2006,7158,150194,97529,17076,2486,87032,32531,185175,16903,11044,24,3129
Netherlands,2006,79400,294599,191298,135753,6051,112156,32531,185175,16903,11044,24,3129
Austria,2006,75781,227195,147529,113124,8226,75613,32531,185175,16903,11044,24,3129
Poland,2006,27011,129265,83938,42598,3070,70606,32531,185175,16903,11044,24,3129
Portugal,2006,31431,234012,151956,35284,2221,25361,32531,185175,16903,11044,24,3129
Romania,2006,52412,217324,141119,61831,3748,48662,32531,185175,16903,11044,24,3129
Slovenia,2006,84406,373078,242259,93509,10127,80401,32531,185175,16903,11044,24,3129
Slovakia,2006,50306,233434,151580,60571,5753,104309,32531,185175,16903,11044,24,3129
Finland,2006,14520,65365,42445,17104,634,13649,32531,185175,16903,11044,24,3129
Sweden,2006,18625,53538,34765,20187,932,17421,32531,185175,16903,11044,24,3129
Norway,2006,16865.6471,56741,36845,15510.5294,1117,9684,32531,185175,16903,11044,24,3129
Switzerland,2006,143134.258,306655,199126,232060.876,12280.6809,65004,32531,185175,16903,11044,24,3129
United Kingdom,2006,55633,268250,174188,117414,4722,102606,32531,185175,16903,11044,24,3129
Belgium,2007,67427,512037,332491,159275,7953,162801,32531,185175,16903,11044,24,3129
Bulgaria,2007,39770,309647,201070,46368,2791,58106,32531,185175,16903,11044,24,3129
Czechia,2007,49118,282451,183409,71277,8138,131699,32531,185175,16903,11044,24,3129
Denmark,2007,25320,124113,80593,54274,1483,25524,32531,185175,16903,11044,24,3129
Germany,2007,74688,266647,173147,116457,5720,90548,32531,185175,16903,11044,24,3129
Estonia,2007,7116,26735,17360,6789,508,15020,32531,185175,16903,11044,24,3129
Ireland,2007,29855,50219,32609,77934,1779,15632,32531,185175,16903,11044,24,3129
Greece,2007,26670,145705,94614,36550,3480,41129,32531,185175,16903,11044,24,3129
Spain,2007,42135,201671,130955,71915,3611,22806,32531,185175,16903,11044,24,3129
France,2007,63655,208191,135189,111252,6209,42588,32531,185175,16903,11044,24,3129
Croatia,2007,59833,192306,124874,79013,5231,59914,32531,185175,16903,11044,24,3129
Italy,2007,108205,592650,384838,93754,15642,93026,32531,185175,16903,11044,24,3129
Cyprus,2007,15126,48390,31422,18211,889,14690,32531,185175,16903,11044,24,3129
Latvia,2007,19176,98627,64043,28699,665,17100,32531,185175,16903,11044,24,3129
Lithuania,2007,18399,62144,40353,25598,647,20560,32531,185175,16903,11044,24,3129
Luxembourg,2007,71957,247472,160696,150219,4640,82776,32531,185175,16903,11044,24,3129
Hungary,2007,68921,261548,169836,77634,4795,74316,32531,185175,16903,11044,24,3129
Malta,2007,7158,150194,97529,17076,2486,87032,32531,185175,16903,11044,24,3129
Netherlands,2007,79400,294599,191298,135753,6051,112156,32531,185175,16903,11044,24,3129
Austria,2007,75781,227195,147529,113124,8226,75613,32531,185175,16903,11044,24,3129
Poland,2007,27011,129265,83938,42598,3070,70606,32531,185175,16903,11044,24,3129
Portugal,2007,31431,234012,151956,35284,2221,25361,32531,185175,16903,11044,24,3129
Romania,2007,52412,217324,141119,61831,3748,48662,32531,185175,16903,11044,24,3129
Slovenia,2007,84406,373078,242259,93509,10127,80401,32531,185175,16903,11044,24,3129
Slovakia,2007,50306,233434,151580,60571,5753,104309,32531,185175,16903,11044,24,3129
Finland,2007,14520,65365,42445,17104,634,13649,32531,185175,16903,11044,24,3129
Sweden,2007,18625,53538,34765,20187,932,17421,32531,185175,16903,11044,24,3129
Norway,2007,16865.6471,56741,36845,15510.5294,1117,9684,32531,185175,16903,11044,24,3129
Switzerland,2007,143134.258,306655,199126,232060.876,12280.6809,65004,32531,185175,16903,11044,24,3129
United Kingdom,2007,55633,268250,174188,117414,4722,102606,32531,185175,16903,11044,24,3129
Belgium,2008,67427,512037,332491,159275,7953,162801,32531,185175,16903,11044,24,3129
Bulgaria,2008,39770,309647,201070,46368,2791,58106,32531,185175,16903,11044,24,3129
Czechia,2008,49118,282451,183409,71277,8138,131699,32531,185175,16903,11044,24,3129
Denmark,2008,25320,124113,80593,54274,1483,25524,32531,185175,16903,11044,24,3129
Germany,2008,74688,266647,173147,116457,5720,90548,32531,185175,16903,11044,24,3129
Estonia,2008,7116,26735,17360,6789,508,15020,32531,185175,16903,11044,24,3129
Ireland,2008,29855,50219,32609,77934,1779,15632,32531,185175,16903,11044,24,3129
Greece,2008,26670,145705,94614,36550,3480,41129,32531,185175,16903,11044,24,3129
Spain,2008,42135,201671,130955,71915,3611,22806,32531,185175,16903,11044,24,3129
France,2008,63655,208191,135189,111252,6209,42588,32531,185175,16903,11044,24,3129
Croatia,2008,59833,192306,124874,79013,5231,59914,32531,185175,16903,11044,24,3129
Italy,2008,108205,592650,384838,93754,15642,93026,32531,185175,16903,11044,24,3129
Cyprus,2008,15126,48390,31422,18211,889,14690,32531,185175,16903,11044,24,3129
Latvia,2008,19176,98627,64043,28699,665,17100,32531,185175,16903,11044,24,3129
Lithuania,2008,18399,62144,40353,25598,647,20560,32531,185175,16903,11044,24,3129
Luxembourg,2008,71957,247472,160696,150219,4640,82776,32531,185175,16903,11044,24,3129
Hungary,2008,68921,261548,169836,77634,4795,74316,32531,185175,16903,11044,24,3129
Malta,2008,7158,150194,97529,17076,2486,87032,32531,185175,16903,11044,24,3129
Netherlands,2008,79400,294599,191298,135753,6051,112156,32531,185175,16903,11044,24,3129
Austria,2008,75781,227195,147529,113124,8226,75613,32531,185175,16903,11044,24,3129
Poland,2008,27011,129265,83938,42598,3070,70606,32531,185175,16903,11044,24,3129
Portugal,2008,31431,234012,151956,35284,2221,25361,32531,185175,16903,11044,24,3129
Romania,2008,52412,217324,141119,61831,3748,48662,32531,185175,16903,11044,24,3129
Slovenia,2008,84406,373078,242259,93509,10127,80401,32531,185175,16903,11044,24,3129
Slovakia,2008,50306,233434,151580,60571,5753,104309,32531,185175,16903,11044,24,3129
Finland,2008,14520,65365,42445,17104,634,13649,32531,185175,16903,11044,24,3129
Sweden,2008,18625,53538,34765,20187,932,17421,32531,185175,16903,11044,24,3129
Norway,2008,16865.6471,56741,36845,15510.5294,1117,9684,32531,185175,16903,11044,24,3129
Switzerland,2008,143134.258,306655,199126,232060.876,12280.6809,65004,32531,185175,16903,11044,24,3129
United Kingdom,2008,55633,268250,174188,117414,4722,102606,32531,185175,16903,11044,24,3129
Belgium,2009,67427,512037,332491,159275,7953,162801,32531,185175,16903,11044,24,3129
Bulgaria,2009,39770,309647,201070,46368,2791,58106,32531,185175,16903,11044,24,3129
Czechia,2009,49118,282451,183409,71277,8138,131699,32531,185175,16903,11044,24,3129
Denmark,2009,25320,124113,80593,54274,1483,25524,32531,185175,16903,11044,24,3129
Germany,2009,74688,266647,173147,116457,5720,90548,32531,185175,16903,11044,24,3129
Estonia,2009,7116,26735,17360,6789,508,15020,32531,185175,16903,11044,24,3129
Ireland,2009,29855,50219,32609,77934,1779,15632,32531,185175,16903,11044,24,3129
Greece,2009,26670,145705,94614,36550,3480,41129,32531,185175,16903,11044,24,3129
Spain,2009,42135,201671,130955,71915,3611,22806,32531,185175,16903,11044,24,3129
France,2009,63655,208191,135189,111252,6209,42588,32531,185175,16903,11044,24,3129
Croatia,2009,59833,192306,124874,79013,5231,59914,32531,185175,16903,11044,24,3129
Italy,2009,108205,592650,384838,93754,15642,93026,32531,185175,16903,11044,24,3129
Cyprus,2009,15126,48390,31422,18211,889,14690,32531,185175,16903,11044,24,3129
Latvia,2009,19176,98627,64043,28699,665,17100,32531,185175,16903,11044,24,3129
Lithuania,2009,18399,62144,40353,25598,647,20560,32531,185175,16903,11044,24,3129
Luxembourg,2009,71957,247472,160696,150219,4640,82776,32531,185175,16903,11044,24,3129
Hungary,2009,68921,261548,169836,77634,4795,74316,32531,185175,16903,11044,24,3129
Malta,2009,7158,150194,97529,17076,2486,87032,32531,185175,16903,11044,24,3129
Netherlands,2009,79400,294599,191298,135753,6051,112156,32531,185175,16903,11044,24,3129
Austria,2009,75781,227195,147529,113124,8226,75613,32531,185175,16903,11044,24,3129
Poland,2009,27011,129265,83938,42598,3070,70606,32531,185175,16903,11044,24,3129
Portugal,2009,31431,234012,151956,35284,2221,25361,32531,185175,16903,11044,24,3129
Romania,2009,52412,217324,141119,61831,3748,48662,32531,185175,16903,11044,24,3129
Slovenia,2009,84406,373078,242259,93509,10127,80401,32531,185175,16903,11044,24,3129
Slovakia,2009,50306,233434,151580,60571,5753,104309,32531,185175,16903,11044,24,3129
Finland,2009,14520,65365,42445,17104,634,13649,32531,185175,16903,11044,24,3129
Sweden,2009,18625,53538,34765,20187,932,17421,32531,185175,16903,11044,24,3129
Norway,2009,16865.6471,56741,36845,15510.5294,1117,9684,32531,185175,16903,11044,24,3129
Switzerland,2009,143134.258,306655,199126,232060.876,12280.6809,65004,32531,185175,16903,11044,24,3129
United Kingdom,2009,55633,268250,174188,117414,4722,102606,32531,185175,16903,11044,24,3129
Belgium,2010,67427,512037,332491,159275,7953,162801,32531,185175,16903,11044,24,3129
Bulgaria,2010,39770,309647,201070,46368,2791,58106,32531,185175,16903,11044,24,3129
Czechia,2010,49118,282451,183409,71277,8138,131699,32531,185175,16903,11044,24,3129
Denmark,2010,25320,124113,80593,54274,1483,25524,32531,185175,16903,11044,24,3129
Germany,2010,74688,266647,173147,116457,5720,90548,32531,185175,16903,11044,24,3129
Estonia,2010,7116,26735,17360,6789,508,15020,32531,185175,16903,11044,24,3129
Ireland,2010,29855,50219,32609,77934,1779,15632,32531,185175,16903,11044,24,3129
Greece,2010,26670,145705,94614,36550,3480,41129,32531,185175,16903,11044,24,3129
Spain,2010,42135,201671,130955,71915,3611,22806,32531,185175,16903,11044,24,3129
France,2010,63655,208191,135189,111252,6209,42588,32531,185175,16903,11044,24,3129
Croatia,2010,59833,192306,124874,79013,5231,59914,32531,185175,16903,11044,24,3129
Italy,2010,108205,592650,384838,93754,15642,93026,32531,185175,16903,11044,24,3129
Cyprus,2010,15126,48390,31422,18211,889,14690,32531,185175,16903,11044,24,3129
Latvia,2010,19176,98627,64043,28699,665,17100,32531,185175,16903,11044,24,3129
Lithuania,2010,18399,62144,40353,25598,647,20560,32531,185175,16903,11044,24,3129
Luxembourg,2010,71957,247472,160696,150219,4640,82776,32531,185175,16903,11044,24,3129
Hungary,2010,68921,261548,169836,77634,4795,74316,32531,185175,16903,11044,24,3129
Malta,2010,7158,150194,97529,17076,2486,87032,32531,185175,16903,11044,24,3129
Netherlands,2010,79400,294599,191298,135753,6051,112156,32531,185175,16903,11044,24,3129
Austria,2010,75781,227195,147529,113124,8226,75613,32531,185175,16903,11044,24,3129
Poland,2010,27011,129265,83938,42598,3070,70606,32531,185175,16903,11044,24,3129
Portugal,2010,31431,234012,151956,35284,2221,25361,32531,185175,16903,11044,24,3129
Romania,2010,52412,217324,141119,61831,3748,48662,32531,185175,16903,11044,24,3129
Slovenia,2010,84406,373078,242259,93509,10127,80401,32531,185175,16903,11044,24,3129
Slovakia,2010,50306,233434,151580,60571,5753,104309,32531,185175,16903,11044,24,3129
Finland,2010,14520,65365,42445,17104,634,13649,32531,185175,16903,11044,24,3129
Sweden,2010,18625,53538,34765,20187,932,17421,32531,185175,16903,11044,24,3129
Norway,2010,16865.6471,56741,36845,15510.5294,1117,9684,32531,185175,16903,11044,24,3129
Switzerland,2010,143134.258,306655,199126,232060.876,12280.6809,65004,32531,185175,16903,11044,24,3129
United Kingdom,2010,55633,268250,174188,117414,4722,102606,32531,185175,16903,11044,24,3129
Belgium,2011,67427,512037,332491,159275,7953,162801,32531,185175,16903,11044,24,3129
Bulgaria,2011,39770,309647,201070,46368,2791,58106,32531,185175,16903,11044,24,3129
Czechia,2011,49118,282451,183409,71277,8138,131699,32531,185175,16903,11044,24,3129
Denmark,2011,25320,124113,80593,54274,1483,25524,32531,185175,16903,11044,24,3129
Germany,2011,74688,266647,173147,116457,5720,90548,32531,185175,16903,11044,24,3129
Estonia,2011,7116,26735,17360,6789,508,15020,32531,185175,16903,11044,24,3129
Ireland,2011,29855,50219,32609,77934,1779,15632,32531,185175,16903,11044,24,3129
Greece,2011,26670,145705,94614,36550,3480,41129,32531,185175,16903,11044,24,3129
Spain,2011,42135,201671,130955,71915,3611,22806,32531,185175,16903,11044,24,3129
France,2011,63655,208191,135189,111252,6209,42588,32531,185175,16903,11044,24,3129
Croatia,2011,59833,192306,124874,79013,5231,59914,32531,185175,16903,11044,24,3129
Italy,2011,108205,592650,384838,93754,15642,93026,32531,185175,16903,11044,24,3129
Cyprus,2011,15126,48390,31422,18211,889,14690,32531,185175,16903,11044,24,3129
Latvia,2011,19176,98627,64043,28699,665,17100,32531,185175,16903,11044,24,3129
Lithuania,2011,18399,62144,40353,25598,647,20560,32531,185175,16903,11044,24,3129
Luxembourg,2011,71957,247472,160696,150219,4640,82776,32531,185175,16903,11044,24,3129
Hungary,2011,68921,261548,169836,77634,4795,74316,32531,185175,16903,11044,24,3129
Malta,2011,7158,150194,97529,17076,2486,87032,32531,185175,16903,11044,24,3129
Netherlands,2011,79400,294599,191298,135753,6051,112156,32531,185175,16903,11044,24,3129
Austria,2011,75781,227195,147529,113124,8226,75613,32531,185175,16903,11044,24,3129
Poland,2011,27011,129265,83938,42598,3070,70606,32531,185175,16903,11044,24,3129
Portugal,2011,31431,234012,151956,35284,2221,25361,32531,185175,16903,11044,24,3129
Romania,2011,52412,217324,141119,61831,3748,48662,32531,185175,16903,11044,24,3129
Slovenia,2011,84406,373078,242259,93509,10127,80401,32531,185175,16903,11044,24,3129
Slovakia,2011,50306,233434,151580,60571,5753,104309,32531,185175,16903,11044,24,3129
Finland,2011,14520,65365,42445,17104,634,13649,32531,185175,16903,11044,24,3129
Sweden,2011,18625,53538,34765,20187,932,17421,32531,185175,16903,11044,24,3129
Norway,2011,16865.6471,56741,36845,15510.5294,1117,9684,32531,185175,16903,11044,24,3129
Switzerland,2011,143134.258,306655,199126,232060.876,12280.6809,65004,32531,185175,16903,11044,24,3129
United Kingdom,2011,55633,268250,174188,117414,4722,102606,32531,185175,16903,11044,24,3129
Belgium,2012,67427,512037,332491,159275,7953,162801,32531,185175,16903,11044,24,3129
Bulgaria,2012,39770,309647,201070,46368,2791,58106,32531,185175,16903,11044,24,3129
Czechia,2012,49118,282451,183409,71277,8138,131699,32531,185175,16903,11044,24,3129
Denmark,2012,25320,124113,80593,54274,1483,25524,32531,185175,16903,11044,24,3129
Germany,2012,74688,266647,173147,116457,5720,90548,32531,185175,16903,11044,24,3129
Estonia,2012,7116,26735,17360,6789,508,15020,32531,185175,16903,11044,24,3129
Ireland,2012,29855,50219,32609,77934,1779,15632,32531,185175,16903,11044,24,3129
Greece,2012,26670,145705,94614,36550,3480,41129,32531,185175,16903,11044,24,3129
Spain,2012,42135,201671,130955,71915,3611,22806,32531,185175,16903,11044,24,3129
France,2012,63655,208191,135189,111252,6209,42588,32531,185175,16903,11044,24,3129
Croatia,2012,59833,192306,124874,79013,5231,59914,32531,185175,16903,11044,24,3129
Italy,2012,108205,592650,384838,93754,15642,93026,32531,185175,16903,11044,24,3129
Cyprus,2012,15126,48390,31422,18211,889,14690,32531,185175,16903,11044,24,3129
Latvia,2012,19176,98627,64043,28699,665,17100,32531,185175,16903,11044,24,3129
Lithuania,2012,18399,62144,40353,25598,647,20560,32531,185175,16903,11044,24,3129
Luxembourg,2012,71957,247472,160696,150219,4640,82776,32531,185175,16903,11044,24,3129
Hungary,2012,68921,261548,169836,77634,4795,74316,32531,185175,16903,11044,24,3129
Malta,2012,7158,150194,97529,17076,2486,87032,32531,185175,16903,11044,24,3129
Netherlands,2012,79400,294599,191298,135753,6051,112156,32531,185175,16903,11044,24,3129
Austria,2012,75781,227195,147529,113124,8226,75613,32531,185175,16903,11044,24,3129
Poland,2012,27011,129265,83938,42598,3070,70606,32531,185175,16903,11044,24,3129
Portugal,2012,31431,234012,151956,35284,2221,25361,32531,185175,16903,11044,24,3129
Romania,2012,52412,217324,141119,61831,3748,48662,32531,185175,16903,11044,24,3129
Slovenia,2012,84406,373078,242259,93509,10127,80401,32531,185175,16903,11044,24,3129
Slovakia,2012,50306,233434,151580,60571,5753,104309,32531,185175,16903,11044,24,3129
Finland,2012,14520,65365,42445,17104,634,13649,32531,185175,16903,11044,24,3129
Sweden,2012,18625,53538,34765,20187,932,17421,32531,185175,16903,11044,24,3129
Norway,2012,16865.6471,56741,36845,15510.5294,1117,9684,32531,185175,16903,11044,24,3129
Switzerland,2012,143134.258,306655,199126,232060.876,12280.6809,65004,32531,185175,16903,11044,24,3129
United Kingdom,2012,55633,268250,174188,117414,4722,102606,32531,185175,16903,11044,24,3129
Belgium,2013,67427,512037,332491,159275,7953,162801,32531,185175,16903,11044,24,3129
Bulgaria,2013,39770,309647,201070,46368,2791,58106,32531,185175,16903,11044,24,3129
Czechia,2013,49118,282451,183409,71277,8138,131699,32531,185175,16903,11044,24,3129
Denmark,2013,25320,124113,80593,54274,1483,25524,32531,185175,16903,11044,24,3129
Germany,2013,74688,266647,173147,116457,5720,90548,32531,185175,16903,11044,24,3129
Estonia,2013,7116,26735,17360,6789,508,15020,32531,185175,16903,11044,24,3129
Ireland,2013,29855,50219,32609,77934,1779,15632,32531,185175,16903,11044,24,3129
Greece,2013,26670,145705,94614,36550,3480,41129,32531,185175,16903,11044,24,3129
Spain,2013,42135,201671,130955,71915,3611,22806,32531,185175,16903,11044,24,3129
France,2013,63655,208191,135189,111252,6209,42588,32531,185175,16903,11044,24,3129
Croatia,2013,59833,192306,124874,79013,5231,59914,32531,185175,16903,11044,24,3129
Italy,2013,108205,592650,384838,93754,15642,93026,32531,185175,16903,11044,24,3129
Cyprus,2013,15126,48390,31422,18211,889,14690,32531,185175,16903,11044,24,3129
Latvia,2013,19176,98627,64043,28699,665,17100,32531,185175,16903,11044,24,3129
Lithuania,2013,18399,62144,40353,25598,647,20560,32531,185175,16903,11044,24,3129
Luxembourg,2013,71957,247472,160696,150219,4640,82776,32531,185175,16903,11044,24,3129
Hungary,2013,68921,261548,169836,77634,4795,74316,32531,185175,16903,11044,24,3129
Malta,2013,7158,150194,97529,17076,2486,87032,32531,185175,16903,11044,24,3129
Netherlands,2013,79400,294599,191298,135753,6051,112156,32531,185175,16903,11044,24,3129
Austria,2013,75781,227195,147529,113124,8226,75613,32531,185175,16903,11044,24,3129
Poland,2013,27011,129265,83938,42598,3070,70606,32531,185175,16903,11044,24,3129
Portugal,2013,31431,234012,151956,35284,2221,25361,32531,185175,16903,11044,24,3129
Romania,2013,52412,217324,141119,61831,3748,48662,32531,185175,16903,11044,24,3129
Slovenia,2013,84406,373078,242259,93509,10127,80401,32531,185175,16903,11044,24,3129
Slovakia,2013,50306,233434,151580,60571,5753,104309,32531,185175,16903,11044,24,3129
Finland,2013,14520,65365,42445,17104,634,13649,32531,185175,16903,11044,24,3129
Sweden,2013,18625,53538,34765,20187,932,17421,32531,185175,16903,11044,24,3129
Norway,2013,16865.6471,56741,36845,15510.5294,1117,9684,32531,185175,16903,11044,24,3129
Switzerland,2013,143134.258,306655,199126,232060.876,12280.6809,65004,32531,185175,16903,11044,24,3129
United Kingdom,2013,55633,268250,174188,117414,4722,102606,32531,185175,16903,11044,24,3129
Belgium,2014,67427,512037,332491,159275,7953,162801,32531,185175,16903,11044,24,3129
Bulgaria,2014,39770,309647,201070,46368,2791,58106,32531,185175,16903,11044,24,3129
Czechia,2014,49118,282451,183409,71277,8138,131699,32531,185175,16903,11044,24,3129
Denmark,2014,25320,124113,80593,54274,1483,25524,32531,185175,16903,11044,24,3129
Germany,2014,74688,266647,173147,116457,5720,90548,32531,185175,16903,11044,24,3129
Estonia,2014,7116,26735,17360,6789,508,15020,32531,185175,16903,11044,24,3129
Ireland,2014,29855,50219,32609,77934,1779,15632,32531,185175,16903,11044,24,3129
Greece,2014,26670,145705,94614,36550,3480,41129,32531,185175,16903,11044,24,3129
Spain,2014,42135,201671,130955,71915,3611,22806,32531,185175,16903,11044,24,3129
France,2014,63655,208191,135189,111252,6209,42588,32531,185175,16903,11044,24,3129
Croatia,2014,59833,192306,124874,79013,5231,59914,32531,185175,16903,11044,24,3129
Italy,2014,108205,592650,384838,93754,15642,93026,32531,185175,16903,11044,24,3129
Cyprus,2014,15126,48390,31422,18211,889,14690,32531,185175,16903,11044,24,3129
Latvia,2014,19176,98627,64043,28699,665,17100,32531,185175,16903,11044,24,3129
Lithuania,2014,18399,62144,40353,25598,647,20560,32531,185175,16903,11044,24,3129
Luxembourg,2014,71957,247472,160696,150219,4640,82776,32531,185175,16903,11044,24,3129
Hungary,2014,68921,261548,169836,77634,4795,74316,32531,185175,16903,11044,24,3129
Malta,2014,7158,150194,97529,17076,2486,87032,32531,185175,16903,11044,24,3129
Netherlands,2014,79400,294599,191298,135753,6051,112156,32531,185175,16903,11044,24,3129
Austria,2014,75781,227195,147529,113124,8226,75613,32531,185175,16903,11044,24,3129
Poland,2014,27011,129265,83938,42598,3070,70606,32531,185175,16903,11044,24,3129
Portugal,2014,31431,234012,151956,35284,2221,25361,32531,185175,16903,11044,24,3129
Romania,2014,52412,217324,141119,61831,3748,48662,32531,185175,16903,11044,24,3129
Slovenia,2014,84406,373078,242259,93509,10127,80401,32531,185175,16903,11044,24,3129
Slovakia,2014,50306,233434,151580,60571,5753,104309,32531,185175,16903,11044,24,3129
Finland,2014,14520,65365,42445,17104,634,13649,32531,185175,16903,11044,24,3129
Sweden,2014,18625,53538,34765,20187,932,17421,32531,185175,16903,11044,24,3129
Norway,2014,16865.6471,56741,36845,15510.5294,1117,9684,32531,185175,16903,11044,24,3129
Switzerland,2014,143134.258,306655,199126,232060.876,12280.6809,65004,32531,185175,16903,11044,24,3129
United Kingdom,2014,55633,268250,174188,117414,4722,102606,32531,185175,16903,11044,24,3129
Belgium,2015,67427,512037,332491,159275,7953,162801,32531,185175,16903,11044,24,3129
Bulgaria,2015,39770,309647,201070,46368,2791,58106,32531,185175,16903,11044,24,3129
Czechia,2015,49118,282451,183409,71277,8138,131699,32531,185175,16903,11044,24,3129
Denmark,2015,25320,124113,80593,54274,1483,25524,32531,185175,16903,11044,24,3129
Germany,2015,74688,266647,173147,116457,5720,90548,32531,185175,16903,11044,24,3129
Estonia,2015,7116,26735,17360,6789,508,15020,32531,185175,16903,11044,24,3129
Ireland,2015,29855,50219,32609,77934,1779,15632,32531,185175,16903,11044,24,3129
Greece,2015,26670,145705,94614,36550,3480,41129,32531,185175,16903,11044,24,3129
Spain,2015,42135,201671,130955,71915,3611,22806,32531,185175,16903,11044,24,3129
France,2015,63655,208191,135189,111252,6209,42588,32531,185175,16903,11044,24,3129
Croatia,2015,59833,192306,124874,79013,5231,59914,32531,185175,16903,11044,24,3129
Italy,2015,108205,592650,384838,93754,15642,93026,32531,185175,16903,11044,24,3129
Cyprus,2015,15126,48390,31422,18211,889,14690,32531,185175,16903,11044,24,3129
Latvia,2015,19176,98627,64043,28699,665,17100,32531,185175,16903,11044,24,3129
Lithuania,2015,18399,62144,40353,25598,647,20560,32531,185175,16903,11044,24,3129
Luxembourg,2015,71957,247472,160696,150219,4640,82776,32531,185175,16903,11044,24,3129
Hungary,2015,68921,261548,169836,77634,4795,74316,32531,185175,16903,11044,24,3129
Malta,2015,7158,150194,97529,17076,2486,87032,32531,185175,16903,11044,24,3129
Netherlands,2015,79400,294599,191298,135753,6051,112156,32531,185175,16903,11044,24,3129
Austria,2015,75781,227195,147529,113124,8226,75613,32531,185175,16903,11044,24,3129
Poland,2015,27011,129265,83938,42598,3070,70606,32531,185175,16903,11044,24,3129
Portugal,2015,31431,234012,151956,35284,2221,25361,32531,185175,16903,11044,24,3129
Romania,2015,52412,217324,141119,61831,3748,48662,32531,185175,16903,11044,24,3129
Slovenia,2015,84406,373078,242259,93509,10127,80401,32531,185175,16903,11044,24,3129
Slovakia,2015,50306,233434,151580,60571,5753,104309,32531,185175,16903,11044,24,3129
Finland,2015,14520,65365,42445,17104,634,13649,32531,185175,16903,11044,24,3129
Sweden,2015,18625,53538,34765,20187,932,17421,32531,185175,16903,11044,24,3129
Norway,2015,16865.6471,56741,36845,15510.5294,1117,9684,32531,185175,16903,11044,24,3129
Switzerland,2015,143134.258,306655,199126,232060.876,12280.6809,65004,32531,185175,16903,11044,24,3129
United Kingdom,2015,55633,268250,174188,117414,4722,102606,32531,185175,16903,11044,24,3129
Belgium,2016,67427,512037,332491,159275,7953,162801,32531,185175,16903,11044,24,3129
Bulgaria,2016,39770,309647,201070,46368,2791,58106,32531,185175,16903,11044,24,3129
Czechia,2016,49118,282451,183409,71277,8138,131699,32531,185175,16903,11044,24,3129
Denmark,2016,25320,124113,80593,54274,1483,25524,32531,185175,16903,11044,24,3129
Germany,2016,74688,266647,173147,116457,5720,90548,32531,185175,16903,11044,24,3129
Estonia,2016,7116,26735,17360,6789,508,15020,32531,185175,16903,11044,24,3129
Ireland,2016,29855,50219,32609,77934,1779,15632,32531,185175,16903,11044,24,3129
Greece,2016,26670,145705,94614,36550,3480,41129,32531,185175,16903,11044,24,3129
Spain,2016,42135,201671,130955,71915,3611,22806,32531,185175,16903,11044,24,3129
France,2016,63655,208191,135189,111252,6209,42588,32531,185175,16903,11044,24,3129
Croatia,2016,59833,192306,124874,79013,5231,59914,32531,185175,16903,11044,24,3129
Italy,2016,108205,592650,384838,93754,15642,93026,32531,185175,16903,11044,24,3129
Cyprus,2016,15126,48390,31422,18211,889,14690,32531,185175,16903,11044,24,3129
Latvia,2016,19176,98627,64043,28699,665,17100,32531,185175,16903,11044,24,3129
Lithuania,2016,18399,62144,40353,25598,647,20560,32531,185175,16903,11044,24,3129
Luxembourg,2016,71957,247472,160696,150219,4640,82776,32531,185175,16903,11044,24,3129
Hungary,2016,68921,261548,169836,77634,4795,74316,32531,185175,16903,11044,24,3129
Malta,2016,7158,150194,97529,17076,2486,87032,32531,185175,16903,11044,24,3129
Netherlands,2016,79400,294599,191298,135753,6051,112156,32531,185175,16903,11044,24,3129
Austria,2016,75781,227195,147529,113124,8226,75613,32531,185175,16903,11044,24,3129
Poland,2016,27011,129265,83938,42598,3070,70606,32531,185175,16903,11044,24,3129
Portugal,2016,31431,234012,151956,35284,2221,25361,32531,185175,16903,11044,24,3129
Romania,2016,52412,217324,141119,61831,3748,48662,32531,185175,16903,11044,24,3129
Slovenia,2016,84406,373078,242259,93509,10127,80401,32531,185175,16903,11044,24,3129
Slovakia,2016,50306,233434,151580,60571,5753,104309,32531,185175,16903,11044,24,3129
Finland,2016,14520,65365,42445,17104,634,13649,32531,185175,16903,11044,24,3129
Sweden,2016,18625,53538,34765,20187,932,17421,32531,185175,16903,11044,24,3129
Norway,2016,16865.6471,56741,36845,15510.5294,1117,9684,32531,185175,16903,11044,24,3129
Switzerland,2016,143134.258,306655,199126,232060.876,12280.6809,65004,32531,185175,16903,11044,24,3129
United Kingdom,2016,55633,268250,174188,117414,4722,102606,32531,185175,16903,11044,24,3129
Belgium,2017,67427,512037,332491,159275,7953,162801,32531,185175,16903,11044,24,3129
Bulgaria,2017,39770,309647,201070,46368,2791,58106,32531,185175,16903,11044,24,3129
Czechia,2017,49118,282451,183409,71277,8138,131699,32531,185175,16903,11044,24,3129
Denmark,2017,25320,124113,80593,54274,1483,25524,32531,185175,16903,11044,24,3129
Germany,2017,74688,266647,173147,116457,5720,90548,32531,185175,16903,11044,24,3129
Estonia,2017,7116,26735,17360,6789,508,15020,32531,185175,16903,11044,24,3129
Ireland,2017,29855,50219,32609,77934,1779,15632,32531,185175,16903,11044,24,3129
Greece,2017,26670,145705,94614,36550,3480,41129,32531,185175,16903,11044,24,3129
Spain,2017,42135,201671,130955,71915,3611,22806,32531,185175,16903,11044,24,3129
France,2017,63655,208191,135189,111252,6209,42588,32531,185175,16903,11044,24,3129
Croatia,2017,59833,192306,124874,79013,5231,59914,32531,185175,16903,11044,24,3129
Italy,2017,108205,592650,384838,93754,15642,93026,32531,185175,16903,11044,24,3129
Cyprus,2017,15126,48390,31422,18211,889,14690,32531,185175,16903,11044,24,3129
Latvia,2017,19176,98627,64043,28699,665,17100,32531,185175,16903,11044,24,3129
Lithuania,2017,18399,62144,40353,25598,647,20560,32531,185175,16903,11044,24,3129
Luxembourg,2017,71957,247472,160696,150219,4640,82776,32531,185175,16903,11044,24,3129
Hungary,2017,68921,261548,169836,77634,4795,74316,32531,185175,16903,11044,24,3129
Malta,2017,7158,150194,97529,17076,2486,87032,32531,185175,16903,11044,24,3129
Netherlands,2017,79400,294599,191298,135753,6051,112156,32531,185175,16903,11044,24,3129
Austria,2017,75781,227195,147529,113124,8226,75613,32531,185175,16903,11044,24,3129
Poland,2017,27011,129265,83938,42598,3070,70606,32531,185175,16903,11044,24,3129
Portugal,2017,31431,234012,151956,35284,2221,25361,32531,185175,16903,11044,24,3129
Romania,2017,52412,217324,141119,61831,3748,48662,32531,185175,16903,11044,24,3129
Slovenia,2017,84406,373078,242259,93509,10127,80401,32531,185175,16903,11044,24,3129
Slovakia,2017,50306,233434,151580,60571,5753,104309,32531,185175,16903,11044,24,3129
Finland,2017,14520,65365,42445,17104,634,13649,32531,185175,16903,11044,24,3129
Sweden,2017,18625,53538,34765,20187,932,17421,32531,185175,16903,11044,24,3129
Norway,2017,16865.6471,56741,36845,15510.5294,1117,9684,32531,185175,16903,11044,24,3129
Switzerland,2017,143134.258,306655,199126,232060.876,12280.6809,65004,32531,185175,16903,11044,24,3129
United Kingdom,2017,55633,268250,174188,117414,4722,102606,32531,185175,16903,11044,24,3129
Belgium,2018,67427,512037,332491,159275,7953,162801,32531,185175,16903,11044,24,3129
Bulgaria,2018,39770,309647,201070,46368,2791,58106,32531,185175,16903,11044,24,3129
Czechia,2018,49118,282451,183409,71277,8138,131699,32531,185175,16903,11044,24,3129
Denmark,2018,25320,124113,80593,54274,1483,25524,32531,185175,16903,11044,24,3129
Germany,2018,74688,266647,173147,116457,5720,90548,32531,185175,16903,11044,24,3129
Estonia,2018,7116,26735,17360,6789,508,15020,32531,185175,16903,11044,24,3129
Ireland,2018,29855,50219,32609,77934,1779,15632,32531,185175,16903,11044,24,3129
Greece,2018,26670,145705,94614,36550,3480,41129,32531,185175,16903,11044,24,3129
Spain,2018,42135,201671,130955,71915,3611,22806,32531,185175,16903,11044,24,3129
France,2018,63655,208191,135189,111252,6209,42588,32531,185175,16903,11044,24,3129
Croatia,2018,59833,192306,124874,79013,5231,59914,32531,185175,16903,11044,24,3129
Italy,2018,108205,592650,384838,93754,15642,93026,32531,185175,16903,11044,24,3129
Cyprus,2018,15126,48390,31422,18211,889,14690,32531,185175,16903,11044,24,3129
Latvia,2018,19176,98627,64043,28699,665,17100,32531,185175,16903,11044,24,3129
Lithuania,2018,18399,62144,40353,25598,647,20560,32531,185175,16903,11044,24,3129
Luxembourg,2018,71957,247472,160696,150219,4640,82776,32531,185175,16903,11044,24,3129
Hungary,2018,68921,261548,169836,77634,4795,74316,32531,185175,16903,11044,24,3129
Malta,2018,7158,150194,97529,17076,2486,87032,32531,185175,16903,11044,24,3129
Netherlands,2018,79400,294599,191298,135753,6051,112156,32531,185175,16903,11044,24,3129
Austria,2018,75781,227195,147529,113124,8226,75613,32531,185175,16903,11044,24,3129
Poland,2018,27011,129265,83938,42598,3070,70606,32531,185175,16903,11044,24,3129
Portugal,2018,31431,234012,151956,35284,2221,25361,32531,185175,16903,11044,24,3129
Romania,2018,52412,217324,141119,61831,3748,48662,32531,185175,16903,11044,24,3129
Slovenia,2018,84406,373078,242259,93509,10127,80401,32531,185175,16903,11044,24,3129
Slovakia,2018,50306,233434,151580,60571,5753,104309,32531,185175,16903,11044,24,3129
Finland,2018,14520,65365,42445,17104,634,13649,32531,185175,16903,11044,24,3129
Sweden,2018,18625,53538,34765,20187,932,17421,32531,185175,16903,11044,24,3129
Norway,2018,16865.6471,56741,36845,15510.5294,1117,9684,32531,185175,16903,11044,24,3129
Switzerland,2018,143134.258,306655,199126,232060.876,12280.6809,65004,32531,185175,16903,11044,24,3129
United Kingdom,2018,55633,268250,174188,117414,4722,102606,32531,185175,16903,11044,24,3129
Belgium,2019,67427,512037,332491,159275,7953,162801,32531,185175,16903,11044,24,3129
Bulgaria,2019,39770,309647,201070,46368,2791,58106,32531,185175,16903,11044,24,3129
Czechia,2019,49118,282451,183409,71277,8138,131699,32531,185175,16903,11044,24,3129
Denmark,2019,25320,124113,80593,54274,1483,25524,32531,185175,16903,11044,24,3129
Germany,2019,74688,266647,173147,116457,5720,90548,32531,185175,16903,11044,24,3129
Estonia,2019,7116,26735,17360,6789,508,15020,32531,185175,16903,11044,24,3129
Ireland,2019,29855,50219,32609,77934,1779,15632,32531,185175,16903,11044,24,3129
Greece,2019,26670,145705,94614,36550,3480,41129,32531,185175,16903,11044,24,3129
Spain,2019,42135,201671,130955,71915,3611,22806,32531,185175,16903,11044,24,3129
France,2019,63655,208191,135189,111252,6209,42588,32531,185175,16903,11044,24,3129
Croatia,2019,59833,192306,124874,79013,5231,59914,32531,185175,16903,11044,24,3129
Italy,2019,108205,592650,384838,93754,15642,93026,32531,185175,16903,11044,24,3129
Cyprus,2019,15126,48390,31422,18211,889,14690,32531,185175,16903,11044,24,3129
Latvia,2019,19176,98627,64043,28699,665,17100,32531,185175,16903,11044,24,3129
Lithuania,2019,18399,62144,40353,25598,647,20560,32531,185175,16903,11044,24,3129
Luxembourg,2019,71957,247472,160696,150219,4640,82776,32531,185175,16903,11044,24,3129
Hungary,2019,68921,261548,169836,77634,4795,74316,32531,185175,16903,11044,24,3129
Malta,2019,7158,150194,97529,17076,2486,87032,32531,185175,16903,11044,24,3129
Netherlands,2019,79400,294599,191298,135753,6051,112156,32531,185175,16903,11044,24,3129
Austria,2019,75781,227195,147529,113124,8226,75613,32531,185175,16903,11044,24,3129
Poland,2019,27011,129265,83938,42598,3070,70606,32531,185175,16903,11044,24,3129
Portugal,2019,31431,234012,151956,35284,2221,25361,32531,185175,16903,11044,24,3129
Romania,2019,52412,217324,141119,61831,3748,48662,32531,185175,16903,11044,24,3129
Slovenia,2019,84406,373078,242259,93509,10127,80401,32531,185175,16903,11044,24,3129
Slovakia,2019,50306,233434,151580,60571,5753,104309,32531,185175,16903,11044,24,3129
Finland,2019,14520,65365,42445,17104,634,13649,32531,185175,16903,11044,24,3129
Sweden,2019,18625,53538,34765,20187,932,17421,32531,185175,16903,11044,24,3129
Norway,2019,16865.6471,56741,36845,15510.5294,1117,9684,32531,185175,16903,11044,24,3129
Switzerland,2019,143134.258,306655,199126,232060.876,12280.6809,65004,32531,185175,16903,11044,24,3129
United Kingdom,2019,55633,268250,174188,117414,4722,102606,32531,185175,16903,11044,24,3129