freq,unit,airpol,src_nfr,geo\TIME_PERIOD	1990 	1991 	1992 	1993 	1994 	1995 	1996 	1997 	1998 	1999 	2000 	2001 	2002 	2003 	2004 	2005 	2006 	2007 	2008 	2009 	2010 	2011 	2012 	2013 	2014 	2015 	2016 	2017 	2018 	2019 	2020 	2021 
A,T,NOX,NFR11B,EU27_2020	32744 	29925 	21277 	14713 	42768 	19644 	10933 	11795 	20333 	12031 	29705 	13021 	17168 	38761 	19516 	37699 	23099 	11658 	6835 	15730 	12348 	13155 	30961 	12750 	6066 	14282 	14911 	47885 	6086 	10954 	10926 	18696 
A,T,NOX,NFR11C,EU27_2020	39245 	24010 	23535 	38611 	31193 	12499 	14190 	22336 	32413 	16201 	25922 	17623 	12094 	21344 	16227 	13090 	12583 	46858 	19332 	23274 	15758 	21477 	34182 	6889 	12064 	8449 	8900 	22476 	4756 	5997 	7690 	19315 
A,T,NOX,NFR1A1A,EU27_2020	2979904 	2917031 	2788000 	2515565 	2358668 	2256555 	2222538 	2062658 	1900405 	1814165 	1788968 	1768901 	1816417 	1858549 	1806220 	1808061 	1750343 	1719169 	1484333 	1352516 	1309065 	1312783 	1284848 	1169652 	1084561 	1054019 	948242 	917605 	834573 	725608 	628913 	670103 
A,T,NOX,NFR1A1B,EU27_2020	191169 	181955 	177043 	173315 	178118 	173237 	175521 	169746 	165449 	158413 	156962 	155065 	149725 	148053 	149063 	141215 	143997 	140921 	132726 	119832 	116665 	109411 	104636 	94627 	86049 	88413 	86761 	82080 	78464 	73691 	65384 	63082 
A,T,NOX,NFR1A1C,EU27_2020	183824 	171658 	152871 	146511 	134653 	107292 	101593 	108379 	98821 	89207 	82211 	77083 	78637 	76469 	78787 	77233 	80539 	77542 	73706 	58913 	65564 	61698 	55660 	53348 	52748 	49477 	47437 	47140 	46452 	44879 	39103 	38583 
A,T,NOX,NFR1A2A,EU27_2020	280422 	256569 	219283 	206916 	210635 	209619 	195980 	193464 	181115 	165328 	134981 	125514 	123238 	126611 	126287 	122566 	121648 	113985 	108895 	71037 	83905 	82516 	77378 	71236 	71864 	72099 	70445 	72045 	69016 	61781 	57804 	61439 
A,T,NOX,NFR1A2B,EU27_2020	24898 	28117 	26425 	23164 	25333 	25902 	27919 	30709 	30337 	29103 	30071 	31017 	29995 	30126 	31606 	29760 	27893 	26783 	24705 	20523 	20720 	18781 	16329 	14187 	14023 	13825 	14066 	13936 	12851 	13354 	12774 	14300 
A,T,NOX,NFR1A2C,EU27_2020	229821 	227653 	197589 	178288 	165142 	175992 	166236 	156013 	141916 	128874 	117974 	121039 	112262 	113517 	114531 	117666 	114755 	108987 	107823 	94305 	95022 	88335 	83061 	76952 	72744 	67977 	65314 	65763 	66271 	64889 	63314 	65098 
A,T,NOX,NFR1A2D,EU27_2020	80358 	85928 	81837 	83903 	88524 	86768 	84120 	84098 	82687 	81626 	80605 	77199 	75188 	76707 	74600 	73205 	76180 	72365 	70705 	64743 	70701 	65983 	64642 	63344 	60513 	60099 	61589 	63355 	61330 	63924 	58097 	58550 
A,T,NOX,NFR1A2E,EU27_2020	90972 	98334 	93016 	88795 	91107 	95657 	95137 	86439 	84010 	79773 	73638 	72911 	72984 	70956 	68563 	69139 	61726 	57895 	54298 	49625 	48378 	45451 	47867 	48261 	47694 	46473 	49139 	48857 	48605 	46005 	43011 	44154 
A,T,NOX,NFR1A2F,EU27_2020	459418 	451420 	438357 	399609 	414073 	412391 	409752 	407422 	406448 	410289 	422271 	421827 	413641 	406415 	410790 	410598 	413210 	421645 	374636 	308456 	296759 	282555 	251322 	230302 	227860 	219742 	215061 	203279 	206463 	204335 	194268 	201175 
A,T,NOX,NFR1A2G7,EU27_2020	266164 	269415 	268379 	248076 	238570 	244360 	263804 	253962 	294125 	286128 	280258 	289248 	296971 	287303 	272136 	258244 	246151 	234900 	210775 	178047 	162211 	157463 	143010 	128792 	124497 	117657 	111196 	106863 	101704 	93003 	85996 	84091 
A,T,NOX,NFR1A2G8,EU27_2020	434207 	401908 	317468 	280874 	256201 	257494 	251678 	250007 	230711 	209845 	196005 	195681 	187737 	188078 	177622 	189287 	181111 	186010 	183444 	163905 	170295 	158635 	150363 	141869 	137904 	137979 	142326 	144190 	140612 	136409 	136650 	140155 
A,T,NOX,NFR1A3A1_1,EU27_2020	20641 	20387 	21945 	22450 	23424 	24587 	25280 	26147 	27778 	29966 	32469 	32255 	31405 	32864 	34817 	36602 	38564 	41263 	42248 	39316 	40640 	42420 	42490 	42579 	44530 	46885 	50089 	53255 	56435 	58326 	24064 	29166 
A,T,NOX,NFR1A3A1_2,EU27_2020	176004 	172328 	183704 	191890 	199626 	211498 	221446 	232845 	249263 	273911 	290819 	289468 	279063 	288830 	305444 	335918 	353981 	376959 	383266 	359142 	367804 	373005 	377814 	383021 	395606 	405952 	436465 	471863 	502010 	515486 	214829 	260234 
A,T,NOX,NFR1A3A2_1,EU27_2020	10853 	10757 	11197 	10885 	11035 	11475 	11796 	12232 	12792 	13449 	14077 	13779 	13497 	13486 	13556 	13553 	13731 	14271 	14000 	13726 	13433 	13212 	12495 	11291 	11222 	11436 	12087 	12456 	12792 	12822 	6370 	7953 
A,T,NOX,NFR1A3A2_2,EU27_2020	34571 	34764 	36384 	35511 	36315 	38528 	40336 	41876 	43846 	46559 	48743 	47197 	46509 	46308 	47184 	47144 	47148 	49129 	49050 	47836 	47788 	47492 	44788 	40942 	40514 	40803 	42488 	43436 	44628 	45645 	23525 	28214 
A,T,NOX,NFR1A3B1,EU27_2020	3392013 	3339093 	3351927 	3186760 	3016072 	2875777 	2752465 	2568040 	2423858 	2276503 	2063690 	1948317 	1871783 	1802901 	1746446 	1642999 	1586319 	1549181 	1493373 	1448511 	1413116 	1372172 	1315675 	1311861 	1349958 	1360788 	1361103 	1342922 	1265372 	1196538 	952065 	980761 
A,T,NOX,NFR1A3B2,EU27_2020	490879 	494745 	494002 	501849 	502160 	493206 	498064 	494039 	500124 	497401 	490134 	485390 	471746 	473083 	474758 	467082 	466997 	466870 	440974 	418737 	406469 	405379 	393962 	383715 	399160 	408983 	421547 	426486 	418932 	408453 	353287 	371409 
A,T,NOX,NFR1A3B3,EU27_2020	2296765 	2318668 	2393592 	2370338 	2348813 	2332692 	2346659 	2351904 	2420728 	2425965 	2392942 	2388937 	2324139 	2279108 	2302824 	2281855 	2278103 	2183528 	1987857 	1791305 	1691709 	1609287 	1503938 	1393218 	1288785 	1192008 	1093474 	1020024 	906122 	818805 	690250 	650409 
A,T,NOX,NFR1A3B4,EU27_2020	15115 	15674 	16816 	17559 	17989 	17829 	17609 	18156 	19438 	20810 	20691 	22222 	23314 	24903 	25733 	24182 	24152 	23578 	23502 	22356 	21777 	20656 	19943 	18792 	19027 	18332 	17480 	16834 	15465 	14899 	12605 	13050 
A,T,NOX,NFR1A3C,EU27_2020	205599 	183296 	183022 	175006 	167544 	163369 	154487 	150747 	143232 	133618 	136364 	120349 	119635 	117347 	114960 	102667 	99637 	102288 	97743 	85415 	84690 	84200 	79075 	73005 	65093 	63204 	59724 	57842 	55238 	53432 	47647 	48603 
A,T,NOX,NFR1A3D1_1,EU27_2020	1200544 	1127612 	1177386 	1221629 	1200867 	1239468 	1292716 	1401835 	1485695 	1465434 	1549738 	1543725 	1517605 	1618410 	1679741 	1686478 	1800523 	1830315 	1791288 	1658415 	1653757 	1628336 	1532990 	1421866 	1395653 	1367682 	1430065 	1403262 	1387525 	1396209 	1183709 	1254592 
A,T,NOX,NFR1A3D1_2,EU27_2020	31213 	48584 	46293 	44453 	44058 	44878 	42504 	28568 	29358 	23213 	28634 	32423 	31866 	33336 	30853 	30215 	29513 	26125 	31115 	33499 	27066 	25758 	25927 	27895 	26920 	27086 	26006 	26748 	26580 	23806 	24135 	24085 
A,T,NOX,NFR1A3D2,EU27_2020	352724 	367120 	360816 	335497 	327587 	308756 	317124 	317197 	332066 	318679 	275363 	285145 	278614 	284478 	279310 	274629 	272289 	259799 	252434 	260262 	247467 	231650 	216777 	200475 	197511 	201432 	205753 	203644 	215727 	223439 	215414 	197961 
A,T,NOX,NFR1A3E1,EU27_2020	15237 	17206 	17880 	17252 	16925 	18738 	19865 	17543 	17408 	18965 	18437 	16885 	15436 	15670 	18442 	17350 	16039 	12485 	14057 	12051 	10974 	9412 	7114 	7151 	5065 	4485 	4275 	4702 	4801 	4547 	3596 	3471 
A,T,NOX,NFR1A3E2,EU27_2020	9251 	10203 	10214 	9055 	8908 	8673 	8228 	8026 	7502 	7132 	7316 	6324 	6346 	6074 	5935 	5595 	5554 	5376 	4571 	4211 	4024 	3849 	3480 	3198 	3067 	2903 	2694 	2577 	2418 	2338 	2143 	2118 
A,T,NOX,NFR1A4A1,EU27_2020	195326 	196540 	178711 	172170 	162669 	159879 	173166 	162080 	162060 	164336 	156283 	167105 	162676 	166348 	168956 	169312 	175217 	160956 	172163 	171852 	177942 	157259 	157771 	159251 	143147 	147152 	148860 	149428 	145496 	142204 	135845 	142587 
A,T,NOX,NFR1A4A2,EU27_2020	36646 	39743 	34712 	34557 	29805 	30687 	29648 	29931 	30869 	31337 	32012 	31445 	36454 	32399 	31486 	29792 	27540 	27457 	26078 	24272 	24565 	23757 	22917 	21347 	20548 	19887 	18964 	18180 	17317 	16732 	15954 	15048 
A,T,NOX,NFR1A4B1,EU27_2020	456310 	493022 	465161 	477432 	442596 	449114 	484902 	455981 	433725 	422230 	395141 	414352 	396263 	409019 	401642 	405682 	403463 	372175 	398488 	392835 	416819 	366858 	385646 	384481 	332735 	346748 	349370 	349089 	343968 	331967 	328350 	337786 
A,T,NOX,NFR1A4B2,EU27_2020	6803 	8153 	7639 	6616 	6707 	8047 	4371 	8626 	8777 	8317 	9860 	6800 	5309 	6836 	5376 	5396 	5840 	5410 	5461 	6194 	5995 	6148 	6323 	6106 	6142 	6154 	6172 	6241 	6208 	6230 	6157 	6293 
A,T,NOX,NFR1A4C1,EU27_2020	60445 	62623 	60251 	65389 	63562 	60279 	62692 	58550 	55824 	56972 	52048 	52361 	50115 	50956 	52302 	54888 	55822 	57066 	61152 	60643 	62455 	62859 	67077 	69932 	69644 	70645 	72519 	70709 	70628 	69055 	69432 	69037 
A,T,NOX,NFR1A4C2,EU27_2020	655238 	622511 	633999 	659223 	656867 	658779 	669716 	676669 	670743 	662534 	669691 	658676 	645147 	628969 	606322 	582074 	531674 	493447 	467857 	439312 	412037 	393958 	349699 	336096 	319410 	296991 	273310 	258117 	249465 	226959 	219985 	207490 
A,T,NOX,NFR1A4C3,EU27_2020	134891 	139125 	138565 	137979 	139301 	141995 	129670 	124494 	118061 	121260 	126104 	128757 	119156 	114305 	111196 	106299 	99322 	92695 	78502 	84511 	78966 	74422 	68276 	64274 	66063 	60182 	56399 	56481 	54009 	54664 	53397 	53997 
A,T,NOX,NFR1A5A,EU27_2020	28750 	28022 	19007 	15957 	10138 	7904 	8588 	12345 	14312 	12170 	11937 	12947 	13268 	14660 	18464 	16837 	14093 	15493 	15263 	12230 	12716 	15260 	14284 	13615 	12816 	12879 	10883 	12217 	11932 	13220 	11985 	18450 
A,T,NOX,NFR1A5B,EU27_2020	65227 	50479 	48603 	48352 	47646 	49026 	38818 	40210 	39176 	36081 	32082 	27654 	27377 	30597 	36912 	43575 	38489 	36544 	34910 	33644 	29555 	28289 	25708 	26259 	25077 	25279 	23585 	21737 	20198 	21584 	21097 	18646 
A,T,NOX,NFR1A5C,EU27_2020	: 	: 	: 	: 	: 	: 	: 	0 	0 	1 	1 	1 	1 	1 	1 	1 	1 	1 	1 	1 	1 	1 	0 	1 	1 	1 	1 	1 	1 	1 	1057 	1207 
A,T,NOX,NFR1B1B,EU27_2020	2383 	2229 	2059 	1953 	1792 	1868 	1736 	1713 	1507 	1434 	2110 	1940 	1409 	1549 	1501 	1463 	1387 	1462 	1709 	1327 	1582 	1618 	1208 	923 	818 	787 	686 	658 	681 	697 	606 	643 
A,T,NOX,NFR1B1C,EU27_2020	42 	39 	35 	30 	30 	25 	26 	26 	23 	20 	21 	22 	21 	24 	24 	24 	26 	26 	20 	44 	38 	30 	21 	23 	28 	39 	26 	27 	27 	25 	19 	56 
A,T,NOX,NFR1B2A1,EU27_2020	38 	38 	38 	38 	38 	38 	38 	82 	82 	82 	82 	82 	82 	82 	82 	86 	219 	249 	271 	245 	247 	226 	160 	122 	95 	0 	: 	114 	: 	: 	: 	: 
A,T,NOX,NFR1B2A4,EU27_2020	22578 	20328 	20281 	32199 	25521 	21906 	21494 	20622 	23639 	21294 	18636 	19031 	20970 	21912 	22702 	24830 	22922 	20620 	19133 	22661 	18387 	17833 	16747 	14082 	15456 	15199 	14049 	15857 	14676 	14029 	12093 	13486 
A,T,NOX,NFR1B2B,EU27_2020	71 	77 	78 	78 	82 	84 	91 	90 	88 	93 	88 	89 	100 	93 	86 	84 	82 	75 	68 	64 	56 	52 	47 	43 	40 	38 	35 	32 	28 	27 	23 	23 
A,T,NOX,NFR1B2C,EU27_2020	14178 	12724 	11142 	14938 	12659 	10245 	10643 	9430 	9496 	8870 	8172 	8338 	8058 	7944 	7407 	7049 	7956 	7112 	6978 	7212 	6695 	7069 	7317 	8063 	6965 	8202 	8020 	7914 	7948 	8162 	7167 	4932 
A,T,NOX,NFR1B2D,EU27_2020	: 	: 	: 	: 	: 	: 	: 	: 	: 	: 	: 	: 	: 	: 	: 	: 	: 	: 	: 	: 	: 	: 	: 	: 	: 	237 	117 	63 	172 	94 	86 	: 
A,T,NOX,NFR2A1,EU27_2020	61989 	56972 	55406 	54271 	57408 	58672 	53798 	55110 	55119 	54683 	53727 	46644 	42243 	43397 	45482 	43806 	44175 	43521 	39422 	32752 	31940 	34329 	32621 	29061 	28749 	28022 	25359 	24769 	24750 	23702 	23948 	24298 
A,T,NOX,NFR2A2,EU27_2020	13586 	12297 	12021 	11954 	13076 	13621 	12684 	12645 	12071 	11609 	11078 	10409 	10282 	9968 	13494 	12451 	9328 	10755 	9495 	6990 	8554 	9271 	8832 	9562 	7437 	7058 	6909 	7133 	7066 	6463 	5311 	5490 
A,T,NOX,NFR2A3,EU27_2020	41751 	39159 	36539 	32661 	31634 	30670 	26638 	26253 	24898 	23440 	21560 	21675 	23031 	22097 	22629 	23602 	25025 	25419 	22029 	16223 	16292 	16404 	14948 	13876 	14114 	13660 	14488 	14524 	15036 	14220 	12910 	13597 
A,T,NOX,NFR2A5A,EU27_2020	8 	8 	8 	8 	8 	9 	9 	9 	10 	11 	14 	17 	46 	48 	42 	43 	44 	83 	96 	114 	111 	71 	71 	82 	77 	74 	72 	68 	57 	58 	38 	38 
A,T,NOX,NFR2A5C,EU27_2020	17 	: 	: 	: 	: 	: 	: 	: 	: 	: 	: 	: 	: 	: 	: 	: 	: 	: 	: 	: 	: 	: 	: 	: 	: 	: 	: 	: 	: 	: 	: 	: 
A,T,NOX,NFR2A6,EU27_2020	851 	935 	1135 	1278 	1149 	6167 	5662 	5544 	5582 	5301 	5470 	5052 	5020 	4326 	4091 	3857 	4118 	4038 	3536 	3173 	3204 	3386 	3156 	2927 	2910 	2975 	3134 	3129 	3275 	3183 	3145 	3331 
A,T,NOX,NFR2B1,EU27_2020	13213 	11423 	11022 	10965 	11038 	14531 	14646 	13841 	12560 	12474 	13732 	12467 	11392 	12942 	13700 	14183 	12720 	13448 	13319 	10435 	11440 	12303 	12293 	11745 	11591 	11096 	10620 	11436 	10791 	10299 	10820 	10109 
A,T,NOX,NFR2B10A,EU27_2020	41590 	41049 	41302 	35134 	38171 	40476 	23018 	22553 	22070 	22070 	22223 	22486 	21660 	19574 	19891 	20932 	20193 	20920 	18047 	15059 	16826 	17406 	15794 	16362 	16751 	17329 	17272 	17214 	17675 	17738 	16261 	17088 
A,T,NOX,NFR2B10B,EU27_2020	0 	0 	0 	0 	0 	0 	0 	0 	0 	0 	0 	0 	0 	0 	0 	0 	0 	0 	0 	0 	0 	0 	0 	0 	0 	0 	0 	0 	0 	0 	0 	0 
A,T,NOX,NFR2B2,EU27_2020	110766 	78297 	69662 	63246 	63261 	71636 	73753 	62189 	52448 	49032 	60245 	57051 	66889 	60159 	64599 	65940 	37106 	32769 	30227 	18198 	18414 	17593 	16428 	15279 	15960 	15975 	14373 	14717 	14277 	13973 	13925 	14152 
A,T,NOX,NFR2B3,EU27_2020	737 	655 	614 	614 	637 	644 	644 	739 	586 	488 	490 	433 	361 	346 	312 	318 	423 	345 	289 	241 	257 	238 	237 	214 	232 	237 	260 	246 	227 	212 	203 	212 
A,T,NOX,NFR2B5,EU27_2020	: 	: 	23 	117 	172 	197 	210 	225 	207 	189 	386 	414 	102 	103 	136 	69 	81 	79 	86 	77 	56 	56 	52 	43 	51 	50 	59 	58 	53 	60 	72 	61 
A,T,NOX,NFR2B6,EU27_2020	142 	141 	168 	165 	122 	185 	157 	215 	116 	125 	195 	167 	139 	201 	182 	168 	192 	183 	163 	133 	218 	217 	166 	173 	155 	184 	205 	154 	145 	146 	166 	164 
A,T,NOX,NFR2B7,EU27_2020	90 	89 	89 	74 	480 	158 	163 	148 	148 	148 	148 	148 	136 	100 	100 	100 	90 	90 	90 	50 	56 	68 	153 	92 	110 	86 	141 	133 	96 	96 	143 	143 
A,T,NOX,NFR2C1,EU27_2020	24134 	22116 	20271 	22162 	22386 	22327 	21144 	22715 	22211 	21206 	56112 	52060 	48997 	48057 	48842 	45771 	47220 	45335 	42363 	30488 	38825 	38795 	37344 	37526 	37857 	37746 	37372 	38674 	38447 	35608 	31747 	38053 
A,T,NOX,NFR2C2,EU27_2020	1047 	1040 	1017 	897 	983 	978 	979 	948 	933 	857 	1195 	1024 	952 	930 	618 	524 	441 	450 	336 	151 	202 	274 	358 	252 	257 	250 	236 	245 	225 	203 	121 	99 
A,T,NOX,NFR2C3,EU27_2020	2585 	2466 	2089 	1906 	1798 	1954 	2232 	2259 	2314 	2409 	2251 	2274 	2556 	2637 	2746 	2863 	2615 	2660 	2728 	2089 	2118 	2332 	2052 	1824 	1874 	1872 	1908 	1959 	1935 	1714 	1716 	1669 
A,T,NOX,NFR2C5,EU27_2020	97 	80 	223 	257 	278 	311 	311 	432 	328 	332 	331 	312 	249 	1008 	886 	209 	212 	176 	161 	236 	219 	222 	169 	167 	192 	183 	115 	90 	67 	63 	63 	0 
A,T,NOX,NFR2C6,EU27_2020	1602 	1061 	437 	367 	477 	75 	376 	356 	402 	401 	393 	4 	357 	411 	420 	259 	262 	1738 	293 	279 	287 	223 	255 	266 	278 	247 	337 	331 	347 	343 	460 	: 
A,T,NOX,NFR2C7A,EU27_2020	212 	174 	145 	126 	139 	152 	221 	234 	220 	178 	70 	80 	150 	158 	176 	192 	198 	198 	205 	33 	218 	195 	227 	209 	168 	163 	167 	139 	259 	273 	248 	98 
A,T,NOX,NFR2C7C,EU27_2020	3123 	2100 	2108 	2172 	2036 	2105 	2201 	2084 	2181 	2156 	1943 	2083 	2452 	2277 	2730 	2681 	2656 	2564 	2629 	1675 	2844 	3054 	2768 	2567 	2538 	2462 	2125 	2285 	2454 	2535 	2029 	1864 
A,T,NOX,NFR2C7D,EU27_2020	4 	4 	4 	4 	4 	4 	4 	4 	4 	4 	4 	4 	4 	4 	4 	4 	4 	4 	4 	4 	4 	4 	4 	4 	: 	: 	: 	: 	: 	: 	: 	: 
A,T,NOX,NFR2D3B,EU27_2020	768 	847 	1004 	920 	1060 	1028 	976 	1018 	1011 	1096 	1023 	994 	909 	879 	854 	977 	988 	942 	958 	972 	822 	900 	778 	760 	727 	784 	713 	720 	740 	737 	702 	713 
A,T,NOX,NFR2D3C,EU27_2020	11 	11 	10 	6 	6 	6 	6 	6 	6 	6 	6 	6 	6 	6 	6 	6 	6 	6 	6 	6 	6 	6 	6 	6 	6 	6 	6 	6 	6 	6 	6 	6 
A,T,NOX,NFR2D3D,EU27_2020	52 	72 	78 	87 	97 	268 	128 	79 	132 	131 	133 	132 	65 	108 	162 	177 	165 	168 	143 	110 	120 	83 	62 	59 	49 	7 	9 	8 	6 	70 	23 	12 
A,T,NOX,NFR2D3E,EU27_2020	: 	: 	: 	: 	: 	: 	1 	2 	1 	1 	1 	1 	2 	3 	: 	: 	: 	: 	0 	: 	: 	: 	: 	: 	: 	: 	: 	: 	: 	: 	: 	: 
A,T,NOX,NFR2D3G,EU27_2020	14 	12 	25 	29 	11 	25 	25 	31 	42 	28 	55 	53 	45 	42 	36 	18 	14 	16 	16 	2 	14 	16 	2 	92 	103 	76 	27 	32 	33 	3 	2 	1 
A,T,NOX,NFR2D3H,EU27_2020	1 	1 	2 	2 	0 	3 	1 	1 	1 	3 	3 	2 	0 	34 	46 	27 	3 	2 	95 	9 	11 	13 	18 	13 	13 	8 	7 	11 	11 	4 	5 	3 
A,T,NOX,NFR2D3I,EU27_2020	52 	54 	46 	45 	49 	51 	52 	49 	43 	42 	43 	48 	46 	47 	45 	59 	56 	64 	59 	59 	42 	55 	55 	61 	59 	88 	114 	102 	104 	112 	115 	105 
A,T,NOX,NFR2G,EU27_2020	3491 	3528 	3568 	3473 	3412 	3376 	3457 	3388 	3339 	3575 	2908 	3080 	2959 	2904 	2822 	2683 	2616 	2489 	2471 	2496 	2416 	2373 	2198 	2120 	2083 	2120 	2037 	1964 	1935 	1926 	1641 	1693 
A,T,NOX,NFR2H1,EU27_2020	17958 	17434 	16515 	16538 	16873 	17262 	16884 	17763 	17110 	17446 	18142 	17971 	18495 	18697 	19327 	19891 	20416 	20652 	20033 	19601 	20440 	20717 	20945 	21330 	21116 	20777 	21046 	21590 	21652 	21365 	21133 	21707 
A,T,NOX,NFR2H2,EU27_2020	164 	185 	187 	191 	139 	95 	97 	130 	112 	98 	82 	126 	125 	89 	67 	84 	60 	88 	70 	57 	60 	72 	68 	89 	57 	46 	44 	42 	47 	40 	15 	16 
A,T,NOX,NFR2H3,EU27_2020	848 	0 	0 	0 	0 	0 	36 	1 	1 	1 	0 	0 	28 	1 	1 	22 	14 	10 	35 	20 	59 	45 	50 	55 	52 	51 	60 	66 	70 	96 	71 	38 
A,T,NOX,NFR2I,EU27_2020	312 	310 	310 	606 	608 	1617 	1655 	1162 	1698 	1344 	631 	889 	1047 	629 	818 	561 	394 	282 	556 	759 	799 	722 	690 	681 	1151 	620 	625 	682 	736 	861 	529 	618 
A,T,NOX,NFR2J,EU27_2020	: 	: 	: 	: 	: 	: 	39 	: 	: 	: 	: 	: 	: 	: 	: 	: 	: 	: 	: 	: 	: 	: 	: 	: 	: 	: 	: 	: 	: 	: 	: 	: 
A,T,NOX,NFR2K,EU27_2020	: 	: 	: 	: 	: 	: 	38 	: 	: 	: 	: 	: 	: 	: 	: 	: 	: 	: 	: 	: 	: 	: 	: 	: 	: 	: 	: 	: 	: 	: 	: 	: 
A,T,NOX,NFR2L,EU27_2020	2 	2 	0 	15 	5 	87 	103 	35 	58 	38 	33 	27 	68 	103 	259 	244 	235 	250 	255 	260 	91 	90 	89 	114 	117 	75 	74 	95 	74 	70 	43 	64 
A,T,NOX,NFR3B1A,EU27_2020	15569 	14438 	13352 	12810 	12557 	12367 	12128 	11869 	11771 	11346 	10938 	10909 	10639 	10427 	10068 	10115 	9897 	9774 	9592 	9314 	9198 	9048 	9017 	9030 	8902 	8984 	8946 	8940 	8823 	8705 	8705 	8562 
A,T,NOX,NFR3B1B,EU27_2020	13527 	13234 	12743 	12401 	12395 	12632 	12660 	12775 	12508 	12381 	12713 	12624 	12291 	12041 	12105 	12162 	12293 	12455 	12509 	12275 	11938 	11814 	11842 	11792 	11877 	12289 	12386 	12357 	12420 	12101 	11928 	11858 
A,T,NOX,NFR3B2,EU27_2020	1583 	1541 	1453 	1412 	1357 	1318 	1409 	1351 	1345 	1305 	1392 	1333 	1274 	1274 	1226 	1229 	1266 	1245 	1233 	1240 	1200 	1113 	1126 	1108 	1094 	1124 	1103 	1112 	1119 	1098 	1095 	1072 
A,T,NOX,NFR3B3,EU27_2020	5611 	5509 	5487 	5141 	5051 	5043 	4842 	4768 	4796 	4692 	4424 	4179 	4224 	4172 	3979 	4000 	3950 	3812 	3432 	3246 	3163 	3075 	2864 	2750 	2673 	2704 	2635 	2668 	2748 	2646 	2675 	2553 
A,T,NOX,NFR3B4A,EU27_2020	34 	29 	35 	34 	36 	48 	54 	51 	58 	63 	57 	68 	66 	72 	67 	63 	68 	81 	79 	85 	88 	80 	72 	77 	69 	64 	62 	65 	65 	64 	65 	65 
A,T,NOX,NFR3B4D,EU27_2020	330 	312 	300 	301 	313 	331 	357 	359 	360 	355 	413 	434 	457 	463 	442 	455 	496 	476 	484 	505 	557 	519 	524 	520 	528 	554 	601 	627 	666 	695 	720 	712 
A,T,NOX,NFR3B4E,EU27_2020	1122 	1157 	1140 	1130 	1043 	1066 	1047 	1049 	1054 	1056 	1071 	1075 	987 	998 	984 	989 	976 	1061 	1075 	1060 	1028 	1030 	1003 	1004 	987 	974 	965 	945 	957 	933 	937 	946 
A,T,NOX,NFR3B4F,EU27_2020	174 	167 	162 	154 	145 	136 	129 	127 	116 	104 	99 	92 	82 	71 	64 	57 	51 	47 	44 	40 	37 	36 	37 	35 	30 	28 	24 	20 	21 	23 	24 	21 
A,T,NOX,NFR3B4G1,EU27_2020	4045 	3980 	3758 	3593 	3676 	3693 	3757 	3718 	3740 	3788 	3786 	3899 	3888 	3798 	3917 	3955 	3884 	3840 	3915 	3930 	3931 	3812 	3824 	3924 	3859 	3968 	3951 	3995 	3976 	4030 	3990 	3996 
A,T,NOX,NFR3B4G2,EU27_2020	7332 	6682 	6251 	5836 	5889 	6186 	6259 	6185 	6282 	6205 	6093 	6260 	6210 	5835 	5689 	5650 	5408 	5562 	5570 	5737 	5564 	5631 	5512 	5596 	5687 	5869 	6062 	6160 	6256 	6353 	6375 	6400 
A,T,NOX,NFR3B4G3,EU27_2020	1276 	1296 	1314 	1360 	1481 	1499 	1355 	1401 	1458 	1404 	1517 	1498 	1410 	1208 	1188 	1158 	1156 	1229 	1099 	1055 	1065 	1084 	1108 	993 	1046 	1069 	1117 	1112 	1147 	1176 	1195 	1133 
A,T,NOX,NFR3B4G4,EU27_2020	1316 	1327 	1341 	1241 	1164 	1170 	985 	1138 	1221 	1202 	1147 	1233 	1224 	1110 	1073 	1064 	988 	1016 	943 	885 	920 	940 	890 	898 	849 	802 	780 	752 	838 	842 	776 	801 
A,T,NOX,NFR3B4H,EU27_2020	1518 	1781 	2025 	2047 	2240 	2456 	2622 	2470 	2554 	2159 	2199 	2365 	2427 	2309 	1705 	1680 	1696 	1691 	1441 	1412 	1444 	1442 	1477 	1459 	1470 	1465 	1359 	1305 	1224 	1141 	1105 	1083 
A,T,NOX,NFR3DA1,EU27_2020	520572 	451646 	422269 	399863 	399476 	397249 	412178 	414534 	415491 	419360 	423654 	418316 	406290 	406485 	407709 	394794 	390574 	394926 	386977 	371787 	374092 	378663 	383705 	390580 	400455 	406177 	409972 	413214 	407772 	388928 	394300 	386835 
A,T,NOX,NFR3DA2A,EU27_2020	253957 	243778 	234154 	227319 	223143 	221393 	220609 	218150 	218216 	213836 	208187 	207389 	204900 	202486 	198111 	198286 	196642 	197758 	194001 	192115 	189186 	188338 	188052 	188738 	189930 	191260 	191485 	192393 	192529 	190034 	190641 	187251 
A,T,NOX,NFR3DA2B,EU27_2020	2882 	2985 	3064 	3145 	3194 	3704 	3894 	4052 	4016 	4072 	4141 	4275 	4261 	4261 	3901 	3890 	4000 	4326 	4571 	4819 	4759 	4629 	4744 	3435 	3711 	3963 	3812 	3772 	3781 	3834 	3542 	3557 
A,T,NOX,NFR3DA2C,EU27_2020	1672 	1737 	1862 	2069 	2476 	2797 	3176 	3344 	3522 	3803 	4330 	4962 	5184 	5243 	5507 	6353 	7572 	8758 	9817 	11241 	12910 	16459 	16859 	19543 	21178 	21226 	21025 	22451 	22020 	22900 	24825 	24665 
A,T,NOX,NFR3DA3,EU27_2020	122285 	119517 	117696 	114886 	113491 	113289 	114973 	114075 	112435 	112708 	112260 	110271 	107619 	106419 	105084 	104011 	103497 	103988 	103274 	101888 	101649 	98996 	97567 	97770 	98412 	99383 	99851 	99968 	99813 	98982 	98827 	98307 
A,T,NOX,NFR3DA4,EU27_2020	2655 	2657 	2672 	2683 	2616 	2632 	2655 	2675 	2667 	2611 	2600 	2542 	2624 	2534 	2523 	2504 	2739 	2664 	2637 	2603 	2574 	2561 	2490 	2553 	2575 	2445 	2479 	2599 	2579 	2601 	2591 	2587 
A,T,NOX,NFR3F,EU27_2020	28652 	28634 	24932 	25219 	22766 	19520 	26956 	25525 	27296 	24720 	14382 	8964 	9360 	8959 	7480 	7086 	6366 	5928 	5862 	5687 	5320 	5355 	5130 	4686 	4855 	4640 	4081 	4210 	4069 	3995 	3779 	3732 
A,T,NOX,NFR3I,EU27_2020	7 	12 	16 	1 	2 	8 	18 	10 	21 	40 	38 	74 	167 	206 	112 	92 	422 	163 	135 	199 	196 	206 	181 	202 	265 	222 	186 	192 	198 	204 	183 	220 
A,T,NOX,NFR5A,EU27_2020	14 	17 	21 	26 	42 	54 	69 	84 	91 	110 	121 	135 	146 	159 	219 	188 	202 	205 	213 	189 	177 	147 	132 	133 	134 	126 	132 	114 	122 	99 	109 	109 
A,T,NOX,NFR5B2,EU27_2020	: 	: 	: 	: 	2 	8 	8 	11 	14 	13 	13 	13 	7 	6 	8 	10 	8 	11 	7 	16 	33 	43 	63 	80 	103 	115 	109 	114 	104 	104 	104 	95 
A,T,NOX,NFR5C1A,EU27_2020	6494 	6492 	6351 	6305 	5840 	5364 	5124 	4592 	3930 	3154 	2804 	2221 	1646 	1331 	1350 	967 	539 	491 	470 	372 	272 	264 	206 	254 	164 	141 	101 	75 	72 	54 	42 	39 
A,T,NOX,NFR5C1B1,EU27_2020	808 	792 	796 	903 	970 	1097 	1038 	1119 	1133 	1106 	906 	865 	790 	943 	996 	1113 	975 	760 	1010 	1029 	988 	920 	986 	921 	569 	600 	655 	686 	643 	648 	838 	637 
A,T,NOX,NFR5C1B2,EU27_2020	1264 	1341 	1389 	1391 	1557 	1587 	1621 	1549 	1648 	1690 	1796 	1897 	2037 	2124 	1857 	2251 	1930 	1616 	1695 	1365 	1645 	1545 	1575 	1258 	1488 	1259 	1252 	1265 	1300 	1414 	1308 	1225 
A,T,NOX,NFR5C1B3,EU27_2020	672 	566 	484 	418 	360 	352 	329 	310 	252 	225 	211 	206 	187 	161 	175 	131 	124 	108 	100 	125 	106 	108 	96 	95 	103 	101 	106 	99 	105 	105 	121 	137 
A,T,NOX,NFR5C1B4,EU27_2020	355 	364 	372 	381 	412 	416 	432 	435 	470 	467 	546 	505 	525 	541 	443 	448 	493 	646 	642 	526 	642 	644 	752 	559 	608 	673 	493 	518 	507 	629 	608 	668 
A,T,NOX,NFR5C1B5,EU27_2020	381 	406 	419 	515 	545 	560 	592 	598 	617 	639 	646 	662 	698 	740 	747 	765 	784 	815 	859 	900 	952 	961 	1016 	1058 	1135 	1240 	1250 	1319 	1405 	1456 	1649 	1698 
A,T,NOX,NFR5C1B6,EU27_2020	68 	66 	72 	13 	14 	6 	3 	4 	25 	2 	8 	60 	112 	: 	52 	: 	: 	: 	: 	: 	: 	: 	: 	: 	: 	: 	: 	: 	: 	: 	: 	: 
A,T,NOX,NFR5C2,EU27_2020	48569 	44971 	47665 	43950 	40669 	34645 	53293 	60141 	51319 	49379 	56631 	63603 	54083 	69073 	57502 	51516 	60341 	60122 	57304 	63440 	64938 	67323 	48889 	74822 	53127 	64433 	63666 	60496 	78164 	59623 	70515 	70733 
A,T,NOX,NFR5D1,EU27_2020	10 	10 	11 	11 	12 	12 	14 	12 	13 	13 	8 	14 	15 	15 	16 	15 	16 	16 	16 	17 	17 	16 	13 	12 	12 	13 	13 	13 	13 	14 	13 	13 
A,T,NOX,NFR5D2,EU27_2020	5 	5 	5 	5 	5 	5 	9 	9 	6 	6 	3 	12 	6 	6 	3 	3 	9 	10 	10 	4 	4 	4 	4 	4 	5 	3 	4 	4 	4 	4 	3 	4 
A,T,NOX,NFR5E,EU27_2020	170 	175 	177 	173 	173 	194 	192 	186 	178 	179 	212 	209 	177 	186 	171 	176 	178 	185 	187 	198 	192 	183 	180 	176 	175 	186 	202 	210 	217 	213 	209 	210 
A,T,NOX,NFR6A,EU27_2020	295 	275 	263 	287 	319 	356 	352 	423 	459 	570 	482 	327 	340 	346 	337 	204 	194 	191 	176 	186 	168 	166 	162 	162 	168 	169 	180 	179 	221 	219 	221 	223 
A,T,NOX,NFR6B,EU27_2020	16991 	17980 	18501 	18169 	17736 	17261 	16559 	16753 	16686 	16141 	16920 	15502 	14451 	14329 	14425 	14726 	14459 	14396 	14097 	14211 	15001 	14868 	14876 	13839 	14712 	14669 	15315 	15843 	16168 	15948 	15283 	15728 
A,T,NOX,NFR_TOT_NAT,EU27_2020	15126811 	14841792 	14478330 	13840342 	13377903 	13087008 	12981442 	12547612 	12247736 	11881163 	11512785 	11348734 	11138148 	11060021 	10924637 	10721194 	10484306 	10191472 	9537569 	8830579 	8626623 	8345937 	7988187 	7664202 	7394857 	7278317 	7049767 	6906041 	6607471 	6222979 	5580716 	5635784 
